"cc_num","first_time_activity","last_time_activity"
"60495593109","2019-01-01 00:39:00","2020-12-31 13:24:00"
"60490596305","2019-01-01 12:31:00","2020-12-31 23:12:00"
"60487002085","2019-01-06 03:23:00","2020-12-31 21:41:00"
"60427851591","2019-01-01 07:36:00","2020-12-30 20:45:00"
"60423098130","2019-01-01 06:48:00","2020-12-31 01:48:00"
"60422928733","2019-01-03 18:38:00","2020-12-31 22:18:00"
"60416207185","2019-01-01 12:47:00","2020-12-31 05:16:00"
"6.76373E+11","2019-01-01 00:30:00","2020-12-31 21:01:00"
"6.76369E+11","2019-01-01 10:15:00","2020-12-31 20:45:00"
"6.76327E+11","2019-01-01 06:33:00","2020-12-31 02:01:00"
"6.7631E+11","2019-01-01 14:11:00","2020-12-31 19:44:00"
"6.76314E+11","2019-01-01 20:35:00","2020-12-30 19:25:00"
"6.76308E+11","2019-01-01 20:37:00","2020-12-31 15:58:00"
"6.76299E+11","2019-01-01 06:50:00","2020-12-31 23:33:00"
"6.76292E+11","2019-01-03 13:50:00","2020-12-30 14:54:00"
"6.76282E+11","2019-01-01 09:16:00","2020-12-31 20:43:00"
"6.76276E+11","2019-01-01 11:06:00","2020-12-31 17:49:00"
"6.76248E+11","2019-01-01 05:59:00","2020-12-31 17:39:00"
"6.76246E+11","2019-01-01 01:36:00","2020-12-31 00:06:00"
"6.76234E+11","2019-01-01 10:08:00","2020-12-30 20:50:00"
"6.76195E+11","2019-01-01 03:16:00","2020-12-31 22:54:00"
"6.7618E+11","2019-09-28 00:16:00","2019-09-29 23:46:00"
"6.76174E+11","2019-01-01 06:47:00","2020-12-31 21:19:00"
"6.76149E+11","2019-01-01 18:15:00","2020-12-31 10:44:00"
"6.76118E+11","2019-01-03 21:19:00","2020-12-31 20:58:00"
"6.76102E+11","2019-01-01 15:59:00","2020-12-31 21:34:00"
"6.7599E+11","2019-01-01 08:12:00","2020-12-31 23:19:00"
"6.75962E+11","2019-01-01 17:19:00","2020-12-29 16:11:00"
"6.75946E+11","2019-01-01 11:05:00","2020-12-31 23:41:00"
"6.7591E+11","2019-01-03 10:43:00","2020-12-31 19:37:00"
"6.59789E+15","2019-01-01 03:37:00","2020-12-31 21:04:00"
"6.59725E+15","2019-01-01 08:10:00","2020-12-31 10:53:00"
"6.59674E+15","2019-01-03 07:27:00","2020-12-31 14:58:00"
"6.59597E+15","2019-01-01 14:34:00","2020-12-31 18:31:00"
"6.59394E+15","2019-01-01 05:19:00","2020-12-31 17:18:00"
"6.59325E+15","2019-01-01 01:14:00","2020-12-31 22:50:00"
"6.59286E+15","2019-01-01 12:18:00","2020-12-31 19:27:00"
"6.59224E+15","2019-01-01 11:31:00","2020-12-31 22:47:00"
"6.59207E+15","2019-01-01 03:10:00","2020-12-31 08:32:00"
"6.57778E+15","2019-12-07 13:49:00","2019-12-08 23:24:00"
"6.57356E+15","2019-01-01 02:35:00","2020-12-31 18:14:00"
"6.5691E+15","2019-01-03 19:30:00","2020-12-31 17:39:00"
"6.56446E+15","2019-01-01 12:55:00","2020-12-31 11:19:00"
"6.55425E+15","2019-01-01 05:07:00","2020-12-31 17:13:00"
"6.5504E+15","2019-01-04 06:11:00","2020-12-31 21:27:00"
"6.54767E+15","2019-01-01 14:14:00","2020-12-31 20:40:00"
"6.54473E+15","2019-01-01 09:26:00","2020-12-31 23:32:00"
"6.54098E+15","2019-01-01 08:55:00","2020-12-31 23:24:00"
"6.53965E+15","2019-01-01 17:33:00","2020-12-31 09:24:00"
"6.53889E+15","2019-01-01 10:00:00","2020-12-31 22:42:00"
"6.53844E+15","2019-01-01 14:14:00","2020-12-31 23:00:00"
"6.53533E+15","2019-01-05 06:15:00","2020-12-31 19:14:00"
"6.53463E+15","2019-01-01 01:01:00","2020-12-31 20:50:00"
"6.52891E+15","2019-01-01 07:05:00","2020-12-31 20:52:00"
"6.52696E+15","2019-01-04 09:19:00","2020-12-31 16:48:00"
"6.52678E+15","2019-01-01 11:44:00","2020-12-29 09:02:00"
"6.52645E+15","2019-01-01 14:36:00","2020-12-31 00:38:00"
"6.52438E+15","2019-01-02 06:52:00","2020-12-31 16:53:00"
"6.52318E+15","2019-01-01 18:37:00","2020-12-30 18:17:00"
"6.51778E+15","2019-12-23 05:14:00","2019-12-24 23:24:00"
"6.51722E+15","2019-01-01 02:23:00","2020-12-31 21:23:00"
"6.51507E+15","2019-01-01 01:42:00","2020-12-31 20:54:00"
"6.51135E+15","2019-01-01 01:10:00","2020-12-31 23:01:00"
"6.50698E+15","2019-01-01 03:47:00","2020-12-31 10:08:00"
"6.50612E+15","2019-01-01 14:47:00","2020-12-31 19:30:00"
"6.5022E+15","2019-01-01 20:04:00","2020-12-31 22:55:00"
"6.50131E+15","2019-01-01 06:19:00","2020-12-31 03:37:00"
"6.50025E+15","2020-01-30 22:35:00","2020-01-31 23:57:00"
"6.39096E+11","2019-01-01 14:43:00","2020-12-31 07:04:00"
"6.39077E+11","2019-01-01 21:41:00","2020-12-31 17:18:00"
"6.39046E+11","2019-01-01 01:18:00","2020-12-31 10:31:00"
"6.3903E+11","2019-01-01 06:14:00","2020-12-31 21:55:00"
"6.39024E+11","2019-01-01 06:34:00","2020-12-31 20:06:00"
"6.30485E+11","2019-01-01 08:49:00","2020-12-31 22:58:00"
"6.30471E+11","2019-01-01 09:27:00","2020-12-31 18:07:00"
"6.30469E+11","2019-01-01 10:29:00","2020-12-31 22:20:00"
"6.30452E+11","2019-01-01 14:02:00","2020-12-31 22:56:00"
"6.30442E+11","2019-01-01 00:17:00","2020-12-31 17:07:00"
"6.30426E+11","2019-01-01 06:43:00","2020-12-31 18:51:00"
"6.30425E+11","2019-01-01 08:42:00","2020-12-31 19:07:00"
"6.30423E+11","2019-01-01 00:00:00","2020-12-31 23:17:00"
"6.30413E+11","2019-01-01 00:22:00","2020-12-31 23:15:00"
"6.012E+15","2019-01-01 00:09:00","2020-12-31 09:49:00"
"6.01198E+15","2019-01-01 06:25:00","2020-12-31 22:33:00"
"6.01195E+15","2019-01-01 13:55:00","2020-12-31 03:59:00"
"6.01194E+15","2019-12-15 00:23:00","2019-12-16 23:29:00"
"6.01193E+15","2019-01-01 04:04:00","2020-12-31 19:17:00"
"6.01192E+15","2019-01-01 09:53:00","2020-12-31 23:12:00"
"6.01189E+15","2019-01-01 01:00:00","2020-12-31 20:48:00"
"6.01186E+15","2019-01-01 00:10:00","2020-12-31 23:39:00"
"6.01183E+15","2019-04-28 00:41:00","2019-04-29 23:51:00"
"6.01173E+15","2019-03-15 03:55:00","2019-03-16 23:12:00"
"6.01172E+15","2019-01-01 15:28:00","2020-12-31 23:59:00"
"6.01171E+15","2019-01-01 15:29:00","2020-12-31 15:09:00"
"6.0116E+15","2019-01-01 07:23:00","2020-12-31 21:22:00"
"6.01169E+15","2019-01-01 16:44:00","2020-12-31 23:02:00"
"6.01168E+15","2019-01-01 10:16:00","2020-12-31 22:14:00"
"6.01165E+15","2019-01-01 10:09:00","2020-12-31 22:57:00"
"6.01163E+15","2019-01-01 07:34:00","2020-12-31 14:22:00"
"6.0115E+15","2019-01-01 01:37:00","2020-12-31 22:13:00"
"6.01158E+15","2019-01-01 18:57:00","2020-12-31 21:44:00"
"6.01155E+15","2019-01-01 02:12:00","2020-12-30 20:25:00"
"6.01154E+15","2019-01-01 07:38:00","2020-12-31 12:42:00"
"6.0114E+15","2019-01-01 16:31:00","2020-12-31 21:21:00"
"6.01149E+15","2019-01-01 01:15:00","2020-12-31 22:34:00"
"6.01148E+15","2019-01-01 19:22:00","2020-12-31 15:04:00"
"6.01144E+15","2019-01-01 04:24:00","2020-12-31 23:32:00"
"6.01139E+15","2019-01-01 01:26:00","2020-12-31 21:20:00"
"6.01138E+15","2019-01-01 06:12:00","2020-12-31 19:32:00"
"6.01137E+15","2019-01-01 01:46:00","2020-12-31 22:44:00"
"6.01136E+15","2019-01-01 00:05:00","2020-12-30 02:19:00"
"6.01135E+15","2019-01-01 10:11:00","2020-12-31 19:09:00"
"6.01133E+15","2019-01-01 19:09:00","2020-12-31 18:51:00"
"6.01131E+15","2019-01-01 15:31:00","2020-12-31 06:26:00"
"6.0112E+15","2019-01-03 00:00:00","2020-12-31 23:02:00"
"6.01125E+15","2019-01-03 08:12:00","2020-12-31 17:09:00"
"6.01123E+15","2019-01-01 02:48:00","2020-12-31 22:03:00"
"6.0111E+15","2019-01-01 01:34:00","2020-12-31 18:48:00"
"6.01115E+15","2019-01-01 05:40:00","2020-12-31 23:22:00"
"6.01111E+15","2019-01-01 07:23:00","2020-12-31 23:56:00"
"5.86101E+11","2020-09-23 18:34:00","2020-09-24 23:52:00"
"5.84674E+11","2019-01-01 10:12:00","2020-12-31 13:53:00"
"5.83699E+11","2019-01-01 15:38:00","2020-12-31 03:25:00"
"5.81686E+11","2019-01-01 03:00:00","2020-12-31 21:58:00"
"5.81508E+11","2019-01-01 07:32:00","2020-12-29 13:36:00"
"5.81293E+11","2019-01-01 07:57:00","2020-12-31 22:19:00"
"5.80954E+11","2019-01-01 10:08:00","2020-12-31 09:44:00"
"5.77891E+11","2019-02-07 06:11:00","2019-02-08 23:37:00"
"5.77589E+11","2019-01-01 18:52:00","2020-12-31 21:22:00"
"5.7386E+11","2019-01-01 09:11:00","2020-12-31 15:41:00"
"5.73284E+11","2019-01-01 23:26:00","2020-12-30 12:12:00"
"5.71844E+11","2019-01-01 03:51:00","2020-12-31 23:03:00"
"5.71465E+11","2019-01-01 00:56:00","2020-12-31 16:04:00"
"5.71365E+11","2019-01-01 01:02:00","2020-12-31 21:15:00"
"5.71314E+11","2019-01-03 12:53:00","2020-12-31 16:26:00"
"5.70273E+11","2019-01-02 05:10:00","2020-12-30 22:34:00"
"5.68279E+11","2019-01-01 10:37:00","2020-12-31 09:19:00"
"5.67868E+11","2019-01-01 17:03:00","2020-12-31 22:53:00"
"5.65399E+11","2019-01-01 15:35:00","2020-12-31 02:05:00"
"5.61943E+11","2019-01-01 06:17:00","2020-12-31 16:46:00"
"5.60881E+11","2019-01-01 23:26:00","2020-12-30 20:16:00"
"5.59635E+15","2019-01-01 06:21:00","2020-12-31 18:11:00"
"5.58056E+15","2019-01-02 14:36:00","2020-12-31 22:34:00"
"5.55986E+15","2019-01-01 00:07:00","2020-12-31 23:34:00"
"5.54064E+15","2019-01-01 21:09:00","2020-12-31 23:48:00"
"5.50108E+15","2019-01-01 05:26:00","2020-12-31 18:49:00"
"5.45678E+15","2019-01-01 00:59:00","2020-12-31 22:00:00"
"5.45671E+15","2019-01-01 03:15:00","2020-12-31 12:55:00"
"5.41006E+15","2019-01-11 21:21:00","2020-12-30 11:52:00"
"5.38866E+15","2019-01-01 05:55:00","2020-12-31 15:18:00"
"5.35954E+15","2019-01-01 06:21:00","2020-12-31 19:42:00"
"5.30165E+15","2019-03-25 00:51:00","2019-03-26 03:55:00"
"5.28929E+15","2019-01-01 13:35:00","2020-12-31 23:11:00"
"5.1549E+15","2019-01-01 12:39:00","2020-12-29 11:03:00"
"5.15205E+15","2019-01-01 16:34:00","2020-12-31 23:40:00"
"5.14404E+15","2019-04-03 02:07:00","2019-04-04 22:57:00"
"5.13048E+15","2019-01-01 14:22:00","2020-12-31 23:02:00"
"5.12741E+15","2019-01-01 12:43:00","2020-12-30 22:13:00"
"5.10481E+15","2019-01-01 01:19:00","2020-12-31 23:38:00"
"5.03874E+11","2019-01-01 04:34:00","2020-12-31 23:22:00"
"5.03851E+11","2020-07-08 02:05:00","2020-07-09 23:59:00"
"5.03848E+11","2019-01-01 10:30:00","2020-12-31 20:34:00"
"5.0205E+11","2019-01-01 11:23:00","2020-12-31 13:41:00"
"5.02038E+11","2019-01-01 08:29:00","2020-12-31 21:27:00"
"5.02013E+11","2019-01-01 01:30:00","2020-12-31 10:17:00"
"5.01899E+11","2019-01-01 07:57:00","2020-12-31 18:10:00"
"5.01895E+11","2019-07-13 01:26:00","2019-07-14 22:59:00"
"5.01883E+11","2019-01-01 01:31:00","2020-12-30 21:17:00"
"5.01851E+11","2019-03-24 01:25:00","2019-03-25 23:28:00"
"5.01831E+11","2019-01-01 05:10:00","2020-12-31 23:20:00"
"5.01828E+11","2019-01-01 06:53:00","2020-12-31 21:41:00"
"5.01803E+11","2019-01-01 03:12:00","2020-12-31 23:58:00"
"4.99811E+15","2019-01-01 02:08:00","2020-12-31 20:24:00"
"4.99773E+15","2019-01-01 02:01:00","2020-12-31 22:12:00"
"4.99626E+15","2019-01-01 12:35:00","2020-12-31 06:31:00"
"4.99235E+18","2019-01-01 02:34:00","2020-12-31 13:24:00"
"4.99049E+12","2019-01-01 15:16:00","2020-12-31 22:00:00"
"4.98985E+18","2019-01-02 13:15:00","2020-12-31 23:31:00"
"4.9883E+12","2019-01-01 03:15:00","2020-12-31 20:57:00"
"4.98693E+15","2019-01-04 15:44:00","2020-12-30 22:35:00"
"4.98113E+12","2019-01-01 01:00:00","2020-12-31 22:36:00"
"4.98032E+18","2019-01-02 07:45:00","2020-12-31 21:34:00"
"4.97942E+15","2019-01-01 01:23:00","2020-12-31 18:17:00"
"4.97546E+12","2019-09-13 00:00:00","2019-09-14 22:52:00"
"4.97353E+18","2019-01-03 12:31:00","2020-12-31 09:05:00"
"4.97223E+15","2019-01-02 01:03:00","2020-12-31 15:12:00"
"4.96986E+15","2019-01-01 02:21:00","2020-12-31 21:27:00"
"4.961E+15","2019-01-02 03:13:00","2020-12-30 23:50:00"
"4.95859E+18","2019-01-01 01:38:00","2020-12-30 16:02:00"
"4.95792E+12","2019-01-02 23:12:00","2020-12-31 13:36:00"
"4.95683E+18","2019-01-01 00:12:00","2020-12-31 18:11:00"
"4.95258E+15","2019-01-01 05:26:00","2020-12-31 18:16:00"
"4.95165E+15","2019-01-01 05:56:00","2020-12-31 22:19:00"
"4.93998E+15","2019-01-01 05:01:00","2020-12-31 21:14:00"
"4.93586E+15","2019-01-03 17:56:00","2020-12-31 15:59:00"
"4.93346E+15","2019-01-01 05:38:00","2020-12-31 22:53:00"
"4.92638E+15","2019-01-01 02:51:00","2020-12-31 21:04:00"
"4.92271E+15","2019-01-01 00:05:00","2020-12-31 23:50:00"
"4.91723E+12","2019-01-01 21:13:00","2020-12-31 13:01:00"
"4.91719E+15","2019-01-01 14:55:00","2020-12-31 22:06:00"
"4.9147E+15","2019-01-04 11:19:00","2020-12-31 13:04:00"
"4.91182E+18","2019-03-14 00:55:00","2019-03-15 22:52:00"
"4.90885E+15","2019-01-01 13:46:00","2020-12-31 23:01:00"
"4.90663E+18","2019-01-01 16:39:00","2020-12-31 22:00:00"
"4.90468E+15","2019-01-01 11:26:00","2020-12-31 23:39:00"
"4.90063E+12","2019-01-01 17:05:00","2020-12-31 23:31:00"
"4.89707E+18","2019-01-04 19:11:00","2020-12-31 16:24:00"
"4.89042E+18","2019-01-01 11:22:00","2020-12-31 23:10:00"
"4.88341E+12","2020-10-24 20:34:00","2020-10-25 23:06:00"
"4.87927E+15","2019-01-01 07:43:00","2020-12-31 15:19:00"
"4.87836E+15","2019-01-02 03:55:00","2020-12-30 19:06:00"
"4.87402E+15","2019-01-01 10:46:00","2020-12-31 13:09:00"
"4.87401E+15","2019-01-03 21:56:00","2020-12-31 15:36:00"
"4.87378E+15","2019-01-01 02:56:00","2020-12-31 18:27:00"
"4.86229E+12","2019-01-01 03:54:00","2020-12-31 21:38:00"
"4.86131E+18","2019-01-01 10:26:00","2020-12-31 20:16:00"
"4.85953E+15","2019-01-01 15:51:00","2020-12-31 21:42:00"
"4.85585E+18","2019-01-01 03:21:00","2020-12-31 21:20:00"
"4.85549E+18","2019-01-01 22:55:00","2020-12-31 22:43:00"
"4.84424E+12","2019-05-20 03:02:00","2019-05-21 23:14:00"
"4.84131E+15","2019-01-01 11:09:00","2020-12-31 23:53:00"
"4.83962E+15","2019-01-01 03:16:00","2020-12-31 19:07:00"
"4.83904E+15","2019-01-02 20:30:00","2020-12-31 18:42:00"
"4.837E+15","2019-01-01 05:27:00","2020-12-31 18:53:00"
"4.82666E+15","2019-01-01 02:28:00","2020-12-31 22:41:00"
"4.82402E+15","2019-01-02 05:04:00","2020-12-31 23:12:00"
"4.82237E+15","2019-01-01 16:35:00","2020-12-31 17:45:00"
"4.81084E+18","2019-01-01 15:24:00","2020-12-31 22:51:00"
"4.81079E+18","2019-01-01 12:47:00","2020-12-31 20:50:00"
"4.8097E+12","2019-01-01 14:33:00","2020-12-31 19:37:00"
"4.80755E+12","2019-01-01 06:28:00","2020-12-31 15:26:00"
"4.80644E+12","2019-01-05 22:08:00","2020-12-31 23:49:00"
"4.8004E+15","2019-01-02 06:39:00","2020-12-31 23:30:00"
"4.79894E+18","2019-01-01 05:36:00","2020-12-31 21:32:00"
"4.7973E+18","2019-01-01 04:25:00","2020-12-31 19:13:00"
"4.79263E+18","2019-01-01 13:31:00","2020-12-31 15:56:00"
"4.78991E+15","2019-01-01 00:29:00","2020-12-31 21:23:00"
"4.7881E+12","2019-01-01 14:47:00","2020-12-31 14:01:00"
"4.78323E+12","2019-01-01 07:23:00","2020-12-31 11:42:00"
"4.77707E+15","2019-01-01 08:14:00","2020-12-31 23:27:00"
"4.76943E+18","2019-01-01 03:35:00","2020-12-31 21:33:00"
"4.76727E+15","2019-01-01 00:04:00","2020-12-31 18:04:00"
"4.7642E+15","2019-01-01 22:22:00","2020-12-31 14:25:00"
"4.7614E+18","2019-01-01 02:22:00","2020-12-31 18:39:00"
"4.76012E+12","2019-01-03 03:11:00","2020-12-30 15:47:00"
"4.75604E+18","2019-01-01 06:09:00","2020-12-31 05:58:00"
"4.7557E+12","2019-01-01 13:25:00","2020-12-31 23:17:00"
"4.746E+12","2019-01-01 02:29:00","2020-12-31 22:53:00"
"4.74288E+18","2019-01-01 05:44:00","2020-12-31 23:20:00"
"4.74071E+15","2019-01-01 02:10:00","2020-12-31 18:46:00"
"4.73685E+18","2019-01-01 05:43:00","2020-12-31 23:00:00"
"4.73431E+15","2019-01-31 02:09:00","2019-02-01 23:54:00"
"4.72724E+15","2019-01-01 04:07:00","2020-12-31 19:24:00"
"4.72584E+18","2019-01-01 00:40:00","2020-12-31 19:27:00"
"4.72567E+15","2019-01-01 19:36:00","2020-12-31 19:57:00"
"4.71656E+15","2019-01-01 00:45:00","2020-12-31 23:42:00"
"4.71574E+18","2019-01-01 08:14:00","2020-12-31 19:16:00"
"4.71402E+18","2019-02-12 00:09:00","2019-02-13 23:39:00"
"4.71346E+15","2019-01-03 06:51:00","2020-12-31 13:38:00"
"4.71083E+18","2019-01-01 02:38:00","2020-12-31 18:38:00"
"4.71079E+15","2019-01-01 02:58:00","2020-12-31 19:37:00"
"4.70899E+15","2019-01-01 09:41:00","2020-12-31 13:35:00"
"4.70787E+15","2019-01-01 00:48:00","2020-12-31 14:41:00"
"4.69816E+15","2019-01-04 10:51:00","2020-12-31 16:09:00"
"4.68915E+18","2019-01-01 22:49:00","2020-12-31 13:46:00"
"4.68726E+12","2019-01-01 00:58:00","2020-12-31 22:00:00"
"4.68364E+12","2019-01-01 01:32:00","2020-12-31 22:14:00"
"4.68352E+15","2019-01-01 01:09:00","2020-12-31 22:16:00"
"4.68274E+15","2019-01-02 02:57:00","2020-12-31 11:14:00"
"4.6817E+12","2019-01-01 02:49:00","2020-12-31 23:09:00"
"4.6816E+15","2019-01-01 08:59:00","2020-12-31 21:49:00"
"4.67173E+15","2019-01-01 04:14:00","2020-12-31 09:03:00"
"4.67061E+15","2019-01-02 21:49:00","2020-12-30 16:50:00"
"4.66956E+15","2019-02-09 01:24:00","2019-02-10 23:41:00"
"4.66631E+18","2019-01-01 00:49:00","2020-12-31 20:17:00"
"4.662E+18","2019-01-01 05:35:00","2020-12-31 15:27:00"
"4.65963E+18","2019-03-14 01:38:00","2019-03-15 23:31:00"
"4.65849E+15","2019-01-01 03:10:00","2020-12-31 15:37:00"
"4.65812E+12","2019-01-01 18:00:00","2020-12-31 15:57:00"
"4.65727E+15","2019-01-02 08:27:00","2020-12-31 06:47:00"
"4.65388E+15","2019-01-01 01:47:00","2020-12-31 23:32:00"
"4.65318E+18","2019-01-01 10:15:00","2020-12-31 22:27:00"
"4.65101E+15","2019-01-02 10:49:00","2020-12-31 15:18:00"
"4.64685E+18","2019-01-01 01:59:00","2020-12-31 18:10:00"
"4.64289E+12","2019-01-01 00:06:00","2020-12-31 21:38:00"
"4.64226E+15","2019-01-01 00:31:00","2020-12-31 23:35:00"
"4.6404E+12","2019-01-01 06:38:00","2020-12-31 22:35:00"
"4.63533E+15","2019-01-01 12:24:00","2020-12-31 18:56:00"
"4.63496E+15","2019-01-01 10:22:00","2020-12-31 20:53:00"
"4.63307E+15","2019-01-01 14:49:00","2020-12-31 11:07:00"
"4.62945E+15","2019-01-01 16:59:00","2020-12-31 22:48:00"
"4.62913E+12","2019-12-29 11:03:00","2019-12-30 22:53:00"
"4.62356E+12","2019-01-01 02:00:00","2020-12-31 20:52:00"
"4.61331E+12","2019-01-01 12:51:00","2020-12-31 23:17:00"
"4.61006E+15","2019-01-05 06:31:00","2020-12-29 21:34:00"
"4.61005E+15","2019-01-01 15:41:00","2020-12-31 23:51:00"
"4.60707E+15","2019-01-01 01:28:00","2020-12-31 18:31:00"
"4.6059E+12","2019-01-01 13:59:00","2020-12-31 05:55:00"
"4.60164E+12","2019-01-01 13:57:00","2020-12-31 20:18:00"
"4.60016E+12","2019-01-04 09:58:00","2020-12-31 01:30:00"
"4.5E+12","2019-01-01 10:42:00","2020-12-31 17:40:00"
"4.59974E+18","2019-01-01 00:22:00","2020-12-31 02:43:00"
"4.59929E+15","2019-01-01 07:47:00","2020-12-31 14:18:00"
"4.59803E+12","2019-11-02 00:45:00","2019-11-03 23:29:00"
"4.59357E+12","2019-02-25 00:34:00","2019-02-26 01:55:00"
"4.58766E+18","2019-01-01 03:04:00","2020-12-31 22:54:00"
"4.58758E+15","2019-01-01 22:15:00","2020-12-31 23:12:00"
"4.58681E+15","2019-01-01 04:39:00","2020-12-31 20:40:00"
"4.58626E+12","2019-01-01 03:01:00","2020-12-31 18:12:00"
"4.58513E+12","2019-01-01 06:32:00","2020-12-31 18:13:00"
"4.58493E+18","2019-01-01 11:06:00","2020-12-31 17:32:00"
"4.57064E+15","2019-01-03 16:56:00","2020-12-31 23:33:00"
"4.56E+18","2019-01-01 02:14:00","2020-12-31 20:49:00"
"4.56283E+12","2019-01-05 18:28:00","2020-12-31 14:12:00"
"4.56189E+12","2019-01-01 02:47:00","2020-12-31 18:46:00"
"4.56155E+12","2019-01-01 10:14:00","2020-12-31 22:02:00"
"4.56137E+15","2019-01-01 15:55:00","2020-12-31 12:25:00"
"4.5604E+18","2019-01-01 03:12:00","2020-12-31 21:18:00"
"4.5551E+15","2019-01-03 08:14:00","2020-12-31 08:24:00"
"4.5506E+15","2019-01-01 17:31:00","2020-12-31 15:05:00"
"4.53857E+12","2019-01-01 02:01:00","2020-12-31 15:38:00"
"4.537E+18","2019-01-01 08:32:00","2020-12-31 23:39:00"
"4.51835E+15","2019-01-01 10:52:00","2020-12-31 06:39:00"
"4.51424E+15","2019-01-01 06:48:00","2020-12-31 17:39:00"
"4.51283E+18","2019-01-01 00:50:00","2020-12-31 22:33:00"
"4.50992E+15","2019-01-01 21:12:00","2020-12-31 21:45:00"
"4.50914E+15","2019-01-01 00:42:00","2020-12-31 22:00:00"
"4.50538E+12","2019-01-01 04:02:00","2020-12-31 08:34:00"
"4.5031E+18","2019-01-01 08:05:00","2020-12-31 06:47:00"
"4.50254E+18","2019-01-01 02:53:00","2020-12-31 15:15:00"
"4.50145E+15","2019-01-01 15:13:00","2020-12-31 18:56:00"
"4.49791E+18","2019-01-01 05:46:00","2020-12-31 23:22:00"
"4.49745E+18","2019-01-01 16:09:00","2020-12-31 23:22:00"
"4.49268E+15","2019-02-25 00:28:00","2019-02-26 23:25:00"
"4.49249E+15","2019-01-04 05:35:00","2020-12-31 23:23:00"
"4.48894E+15","2019-01-01 10:21:00","2020-12-31 20:05:00"
"4.48826E+18","2019-01-01 02:16:00","2020-12-31 23:01:00"
"4.48243E+15","2019-01-01 09:07:00","2020-12-31 22:10:00"
"4.48117E+18","2019-07-11 01:05:00","2019-07-12 23:08:00"
"4.48113E+12","2019-01-01 00:58:00","2020-12-31 21:15:00"
"4.47716E+18","2019-01-01 15:55:00","2020-12-31 13:33:00"
"4.47684E+12","2019-01-01 12:09:00","2020-12-31 21:13:00"
"4.47432E+15","2019-01-01 01:22:00","2020-12-31 07:16:00"
"4.47157E+12","2019-01-01 05:12:00","2020-12-30 11:13:00"
"4.46978E+18","2019-01-01 00:13:00","2020-12-31 20:52:00"
"4.46746E+18","2019-01-01 06:08:00","2020-12-31 10:10:00"
"4.46446E+12","2019-01-01 05:19:00","2020-12-31 18:40:00"
"4.46204E+18","2019-01-01 19:03:00","2020-12-29 14:39:00"
"4.45773E+18","2019-01-01 04:14:00","2020-12-31 21:28:00"
"4.45749E+12","2019-11-19 17:09:00","2019-11-20 23:01:00"
"4.45237E+15","2019-01-01 03:49:00","2020-12-31 23:37:00"
"4.45195E+15","2019-01-01 13:06:00","2020-12-31 20:19:00"
"4.45144E+15","2019-01-01 05:58:00","2020-12-31 19:38:00"
"4.45083E+15","2019-01-01 10:26:00","2020-12-31 23:32:00"
"4.44953E+15","2019-01-01 02:37:00","2020-12-31 23:44:00"
"4.44637E+15","2019-01-01 15:10:00","2020-12-31 20:33:00"
"4.44058E+12","2019-01-01 11:42:00","2020-12-29 20:45:00"
"4.43309E+15","2019-01-01 00:44:00","2020-12-31 05:27:00"
"4.43088E+15","2019-01-01 12:00:00","2020-12-31 16:01:00"
"4.42878E+18","2019-01-01 00:18:00","2020-12-31 15:36:00"
"4.42815E+15","2019-01-01 10:55:00","2020-12-31 23:23:00"
"4.42781E+12","2019-01-02 02:58:00","2020-12-31 20:23:00"
"4.42608E+18","2019-01-03 16:27:00","2020-12-30 05:11:00"
"4.42516E+15","2019-01-01 18:14:00","2020-12-31 14:00:00"
"4.42434E+15","2019-01-01 09:18:00","2020-12-31 23:28:00"
"4.42349E+15","2019-01-01 01:14:00","2020-12-31 05:35:00"
"4.41768E+15","2020-09-04 00:46:00","2020-09-05 23:41:00"
"4.41272E+15","2019-01-01 13:04:00","2020-12-31 09:55:00"
"4.41058E+18","2019-01-01 02:02:00","2020-12-31 10:34:00"
"4.40001E+18","2019-01-01 03:54:00","2020-12-31 20:40:00"
"4.39668E+12","2019-01-04 18:36:00","2020-12-31 18:59:00"
"4.39352E+12","2019-01-01 02:14:00","2020-12-31 20:41:00"
"4.39097E+18","2019-01-02 09:57:00","2020-12-31 04:21:00"
"4.38491E+15","2019-01-01 16:14:00","2020-12-31 23:40:00"
"4.38352E+12","2019-01-03 06:51:00","2020-12-31 20:15:00"
"4.37926E+18","2019-01-01 10:07:00","2020-12-31 21:20:00"
"4.37899E+15","2019-01-01 06:53:00","2020-12-31 18:17:00"
"4.37734E+15","2019-01-01 22:01:00","2020-12-31 19:13:00"
"4.37337E+18","2019-01-06 23:36:00","2020-12-29 05:09:00"
"4.36538E+15","2019-01-01 17:56:00","2020-12-31 09:57:00"
"4.36401E+15","2019-01-01 02:26:00","2020-12-31 20:56:00"
"4.35814E+18","2019-01-01 17:51:00","2020-12-31 22:51:00"
"4.35579E+18","2019-01-01 03:42:00","2020-12-31 23:00:00"
"4.35231E+18","2020-07-30 00:52:00","2020-07-31 23:07:00"
"4.34879E+15","2019-01-02 04:55:00","2020-12-31 04:54:00"
"4.34496E+15","2019-01-01 13:32:00","2020-12-31 04:11:00"
"4.34253E+15","2019-01-01 15:49:00","2020-12-31 14:06:00"
"4.33553E+15","2019-01-01 13:47:00","2020-12-31 19:38:00"
"4.33423E+15","2019-01-01 00:21:00","2020-12-31 19:54:00"
"4.32893E+15","2019-01-01 05:36:00","2020-12-31 22:23:00"
"4.31958E+18","2019-01-01 03:59:00","2020-12-31 23:54:00"
"4.31213E+18","2019-01-01 15:21:00","2020-12-31 23:34:00"
"4.31137E+18","2019-01-01 02:54:00","2020-12-31 11:46:00"
"4.30816E+15","2019-01-03 18:54:00","2020-12-31 19:09:00"
"4.30663E+12","2019-01-01 14:50:00","2020-12-31 20:26:00"
"4.30659E+15","2019-01-05 02:38:00","2020-12-31 17:16:00"
"4.30248E+15","2019-01-01 02:20:00","2020-12-31 22:36:00"
"4.30103E+18","2019-01-01 11:27:00","2020-12-31 19:35:00"
"4.2953E+12","2020-10-25 06:57:00","2020-10-25 23:32:00"
"4.29493E+12","2019-01-01 13:11:00","2020-12-31 22:49:00"
"4.29404E+15","2019-01-01 15:00:00","2020-12-31 23:01:00"
"4.2929E+18","2019-01-01 14:40:00","2020-12-31 21:38:00"
"4.29274E+18","2019-01-01 05:05:00","2020-12-31 14:24:00"
"4.27916E+12","2019-01-01 20:43:00","2020-12-31 15:42:00"
"4.27723E+15","2019-01-01 05:52:00","2020-12-31 21:51:00"
"4.26E+12","2019-01-01 07:33:00","2020-12-31 20:22:00"
"4.2662E+15","2019-01-01 18:19:00","2020-12-31 21:51:00"
"4.26578E+15","2019-01-01 00:37:00","2020-12-31 23:38:00"
"4.26013E+12","2019-01-02 07:03:00","2020-12-31 00:15:00"
"4.26006E+15","2019-01-01 00:22:00","2020-12-31 01:09:00"
"4.25711E+18","2019-01-24 03:28:00","2019-01-25 23:42:00"
"4.2554E+18","2019-01-01 03:56:00","2020-12-31 16:31:00"
"4.25407E+15","2019-01-01 07:57:00","2020-12-31 10:56:00"
"4.24792E+12","2019-01-01 08:21:00","2020-12-31 18:39:00"
"4.24495E+18","2019-01-01 20:25:00","2020-12-31 01:08:00"
"4.24352E+18","2019-04-30 08:23:00","2019-05-01 23:45:00"
"4.23955E+15","2019-01-01 02:22:00","2020-12-31 09:19:00"
"4.23944E+12","2019-01-01 09:28:00","2020-12-31 12:26:00"
"4.22973E+15","2019-01-01 01:30:00","2020-12-31 23:50:00"
"4.22841E+15","2019-01-01 13:28:00","2020-12-29 15:13:00"
"4.22622E+18","2019-01-01 18:48:00","2020-12-31 09:39:00"
"4.22599E+18","2019-01-01 00:22:00","2020-12-31 18:47:00"
"4.22371E+18","2019-01-01 12:49:00","2020-12-31 20:25:00"
"4.2205E+18","2019-01-01 07:13:00","2020-12-31 18:21:00"
"4.22035E+12","2019-01-01 02:38:00","2020-12-31 16:48:00"
"4.21008E+18","2019-01-01 09:03:00","2020-12-31 20:55:00"
"4.2097E+18","2019-01-01 19:02:00","2020-12-31 22:53:00"
"4.20811E+18","2019-01-01 15:07:00","2020-12-31 14:45:00"
"4.20424E+15","2019-02-12 00:00:00","2019-02-13 23:55:00"
"4.19847E+12","2019-01-01 01:11:00","2020-12-31 15:06:00"
"4.19583E+15","2019-01-03 19:37:00","2020-12-31 14:45:00"
"4.19574E+12","2019-01-01 02:46:00","2020-12-29 21:18:00"
"4.19111E+15","2019-01-01 14:07:00","2020-12-31 21:06:00"
"4.18981E+12","2019-01-01 14:31:00","2020-12-31 23:42:00"
"4.18653E+12","2019-01-01 01:41:00","2020-12-31 04:12:00"
"4.18183E+18","2019-01-01 12:52:00","2020-12-31 19:15:00"
"4.18019E+18","2019-03-21 02:19:00","2019-03-22 23:58:00"
"4.17972E+15","2019-01-01 18:22:00","2020-12-30 14:41:00"
"4.1781E+15","2019-01-02 06:28:00","2020-12-31 14:11:00"
"4.17395E+15","2019-01-01 12:58:00","2020-12-31 15:11:00"
"4.1714E+15","2019-01-01 02:41:00","2020-12-30 14:47:00"
"4.17069E+15","2019-01-01 15:35:00","2020-12-31 23:59:00"
"4.16976E+15","2019-01-01 14:54:00","2020-12-31 08:41:00"
"4.16939E+12","2019-01-01 04:42:00","2020-12-31 21:05:00"
"4.1687E+15","2019-08-24 02:10:00","2019-08-25 23:43:00"
"4.16287E+18","2019-08-24 03:17:00","2019-08-25 23:37:00"
"4.15895E+15","2019-01-01 05:47:00","2020-12-31 23:00:00"
"4.15876E+15","2019-01-01 15:38:00","2020-12-31 03:43:00"
"4.15801E+12","2019-01-01 18:20:00","2020-12-31 23:17:00"
"4.15721E+15","2019-02-22 03:04:00","2019-02-23 22:06:00"
"4.15502E+15","2019-01-01 05:29:00","2020-12-31 17:28:00"
"4.14964E+12","2019-01-01 09:15:00","2020-12-31 22:42:00"
"4.14924E+15","2019-01-01 01:17:00","2020-12-31 13:13:00"
"4.14761E+15","2019-01-01 04:20:00","2020-12-31 21:46:00"
"4.13446E+15","2019-01-04 12:45:00","2020-12-30 01:15:00"
"4.12977E+15","2019-01-01 01:21:00","2020-12-31 18:38:00"
"4.12873E+18","2019-01-01 05:45:00","2020-12-31 23:19:00"
"4.12803E+15","2019-01-02 08:21:00","2020-12-30 19:51:00"
"4.12454E+15","2019-01-02 05:58:00","2020-12-29 16:38:00"
"4.11976E+15","2019-01-01 02:41:00","2020-12-31 23:10:00"
"4.11655E+15","2019-01-01 02:12:00","2020-12-31 18:27:00"
"4.11027E+18","2019-01-01 00:36:00","2020-12-31 19:19:00"
"4.10431E+15","2019-01-01 08:42:00","2020-12-31 23:44:00"
"4.10316E+12","2019-01-02 17:21:00","2020-12-31 16:19:00"
"4.102E+18","2019-01-01 14:06:00","2020-12-31 16:15:00"
"4.09971E+15","2019-01-01 03:49:00","2020-12-31 21:35:00"
"4.09245E+18","2019-01-02 01:34:00","2020-12-31 12:09:00"
"4.0891E+18","2019-01-01 02:02:00","2020-12-31 22:55:00"
"4.08754E+15","2020-10-31 17:36:00","2020-11-01 23:45:00"
"4.07977E+12","2019-01-01 02:08:00","2020-12-31 23:59:00"
"4.07617E+12","2019-03-22 00:33:00","2019-03-23 22:59:00"
"4.07051E+15","2019-01-01 10:12:00","2020-12-31 22:43:00"
"4.06998E+15","2019-01-01 12:46:00","2020-12-31 22:03:00"
"4.06714E+15","2019-01-01 08:21:00","2020-12-31 22:07:00"
"4.0666E+12","2019-01-01 11:03:00","2020-12-31 19:15:00"
"4.06309E+18","2019-01-01 06:15:00","2020-12-31 21:01:00"
"4.06058E+15","2019-01-01 01:41:00","2020-12-31 23:17:00"
"4.04851E+15","2019-01-01 03:49:00","2020-12-31 02:19:00"
"4.04504E+18","2019-01-01 03:52:00","2020-12-31 12:57:00"
"4.04444E+18","2019-01-01 16:10:00","2020-12-31 16:53:00"
"4.0401E+18","2019-01-02 05:40:00","2020-12-31 19:16:00"
"4.02622E+12","2019-01-02 19:01:00","2020-12-31 17:40:00"
"4.02561E+15","2019-01-01 09:09:00","2020-12-31 22:54:00"
"4.01E+15","2019-01-01 07:57:00","2020-12-31 16:48:00"
"4.01811E+18","2019-01-01 01:22:00","2020-12-31 21:38:00"
"4.00605E+12","2019-01-01 06:14:00","2020-12-31 08:12:00"
"4.00568E+15","2019-01-01 20:39:00","2020-12-31 21:17:00"
"4.00399E+15","2019-01-01 13:01:00","2020-12-31 22:42:00"
"4.00377E+15","2019-01-01 05:39:00","2020-12-31 10:50:00"
"3.89477E+13","2019-01-01 03:45:00","2020-12-31 22:57:00"
"3.88595E+13","2019-01-01 00:00:00","2020-12-31 12:04:00"
"3.88175E+13","2019-01-29 01:29:00","2019-01-30 22:03:00"
"3.87974E+13","2019-01-02 03:09:00","2020-12-31 22:15:00"
"3.85885E+13","2019-01-01 04:42:00","2020-12-31 21:13:00"
"3.85805E+13","2019-01-01 07:26:00","2020-12-31 19:18:00"
"3.85443E+13","2019-01-02 19:31:00","2020-12-29 22:27:00"
"3.85342E+13","2019-10-25 00:39:00","2019-10-26 23:49:00"
"3.85305E+13","2019-01-01 05:59:00","2020-12-31 21:00:00"
"3.82956E+13","2019-01-01 10:17:00","2020-12-31 22:27:00"
"3.8199E+13","2019-01-01 01:46:00","2020-12-31 21:45:00"
"3.80575E+13","2019-01-04 16:16:00","2020-12-31 19:37:00"
"3.8052E+13","2019-01-01 15:02:00","2020-12-31 17:42:00"
"3.80144E+13","2019-01-01 11:23:00","2020-12-31 14:03:00"
"3.79897E+14","2019-01-02 01:07:00","2020-12-31 02:16:00"
"3.79141E+14","2019-01-03 02:14:00","2020-12-31 23:06:00"
"3.78905E+14","2019-01-01 06:56:00","2020-12-31 20:41:00"
"3.78858E+14","2019-01-01 08:14:00","2020-12-31 12:01:00"
"3.78279E+14","2019-01-01 05:52:00","2020-12-31 19:15:00"
"3.78263E+14","2019-02-02 02:04:00","2019-02-03 23:35:00"
"3.78006E+14","2019-01-01 00:57:00","2020-12-31 20:55:00"
"3.77993E+14","2019-01-02 18:40:00","2020-12-31 22:51:00"
"3.77896E+14","2019-01-01 04:12:00","2020-12-31 06:03:00"
"3.77835E+14","2019-01-08 02:23:00","2020-12-31 13:06:00"
"3.77655E+14","2019-01-01 04:22:00","2020-12-31 22:15:00"
"3.7755E+14","2019-01-01 03:27:00","2020-12-31 21:50:00"
"3.77265E+14","2019-01-06 20:19:00","2020-12-31 02:50:00"
"3.77234E+14","2019-01-01 00:06:00","2020-12-31 04:29:00"
"3.77114E+14","2019-01-01 14:27:00","2020-12-31 15:57:00"
"3.77027E+14","2019-01-01 02:42:00","2020-12-31 22:59:00"
"3.76944E+14","2019-01-01 21:13:00","2020-12-31 16:01:00"
"3.76657E+14","2019-01-01 11:26:00","2020-12-31 20:56:00"
"3.76445E+14","2019-01-01 13:43:00","2020-12-31 23:24:00"
"3.76262E+14","2019-01-02 22:28:00","2020-12-31 14:21:00"
"3.76028E+14","2019-01-01 01:02:00","2020-12-31 22:40:00"
"3.76013E+14","2019-01-01 21:44:00","2020-12-31 01:50:00"
"3.75975E+14","2019-01-01 15:39:00","2020-12-31 22:32:00"
"3.75905E+14","2019-01-01 10:40:00","2020-12-31 06:21:00"
"3.75849E+14","2019-01-01 14:13:00","2020-12-31 07:15:00"
"3.75768E+14","2019-01-01 01:25:00","2020-12-31 23:34:00"
"3.75623E+14","2020-02-21 23:02:00","2020-02-22 23:58:00"
"3.75534E+14","2019-01-01 00:03:00","2020-12-31 22:40:00"
"3.75248E+14","2019-01-01 04:52:00","2020-12-31 19:29:00"
"3.75237E+14","2019-01-03 08:50:00","2020-12-31 14:43:00"
"3.75083E+14","2019-01-01 19:32:00","2020-12-31 21:49:00"
"3.7493E+14","2019-01-01 00:20:00","2020-12-31 22:20:00"
"3.74822E+14","2019-01-01 01:56:00","2020-12-31 18:45:00"
"3.74656E+14","2019-01-01 02:00:00","2020-12-31 22:22:00"
"3.74498E+14","2019-01-01 03:31:00","2020-12-31 07:37:00"
"3.74238E+14","2019-01-01 04:00:00","2020-12-31 21:47:00"
"3.74125E+14","2019-01-01 00:23:00","2020-12-31 21:14:00"
"3.73905E+14","2019-01-01 02:51:00","2020-12-31 22:52:00"
"3.73213E+14","2019-01-07 14:47:00","2020-12-30 12:53:00"
"3.73043E+14","2019-01-02 06:48:00","2020-12-31 22:30:00"
"3.72965E+14","2020-09-27 00:55:00","2020-09-28 23:21:00"
"3.7252E+14","2019-01-01 21:02:00","2020-12-31 23:40:00"
"3.72509E+14","2019-01-01 09:51:00","2020-12-31 23:30:00"
"3.72382E+14","2019-01-01 09:30:00","2020-12-31 21:47:00"
"3.72246E+14","2019-01-01 02:56:00","2020-12-31 15:31:00"
"3.71985E+14","2019-01-01 20:49:00","2020-12-31 20:12:00"
"3.71683E+14","2019-01-01 20:36:00","2020-12-30 08:56:00"
"3.71284E+14","2019-01-01 07:47:00","2020-12-31 22:27:00"
"3.71226E+14","2019-01-01 08:40:00","2020-12-31 23:50:00"
"3.71034E+14","2019-01-01 10:37:00","2020-12-31 23:06:00"
"3.71009E+14","2019-01-01 13:20:00","2020-12-31 16:39:00"
"3.70877E+14","2019-01-01 09:36:00","2020-12-31 22:56:00"
"3.70819E+14","2019-01-01 16:55:00","2020-12-31 14:45:00"
"3.70612E+14","2019-01-01 10:18:00","2020-12-31 23:36:00"
"3.70349E+14","2019-01-01 05:48:00","2020-12-31 11:36:00"
"3.69136E+13","2019-01-01 04:55:00","2020-12-31 21:08:00"
"3.68903E+13","2019-01-01 02:01:00","2020-12-30 17:26:00"
"3.67227E+13","2019-01-01 12:41:00","2020-12-31 19:14:00"
"3.67214E+13","2019-01-01 01:44:00","2020-12-31 21:01:00"
"3.65815E+13","2019-01-01 06:43:00","2020-12-29 10:37:00"
"3.64859E+13","2019-01-01 03:09:00","2020-12-31 21:50:00"
"3.63605E+13","2019-01-01 01:36:00","2020-12-31 07:22:00"
"3.61926E+13","2019-01-01 15:56:00","2020-12-31 10:39:00"
"3.61539E+13","2019-01-01 07:13:00","2020-12-31 19:16:00"
"3.60781E+13","2019-01-01 02:38:00","2020-12-31 20:16:00"
"3.59924E+15","2019-01-01 12:50:00","2020-12-31 18:07:00"
"3.5989E+15","2019-01-01 02:33:00","2020-12-30 11:08:00"
"3.59863E+15","2019-01-01 20:12:00","2020-12-29 23:13:00"
"3.5983E+15","2019-01-01 07:49:00","2020-12-31 23:03:00"
"3.59822E+15","2019-01-01 00:26:00","2020-12-31 21:58:00"
"3.59801E+15","2019-01-01 12:31:00","2020-12-31 22:24:00"
"3.59798E+15","2019-01-01 15:39:00","2020-12-31 07:20:00"
"3.59793E+15","2019-01-01 16:18:00","2020-12-31 22:32:00"
"3.59734E+15","2019-01-01 07:36:00","2020-12-31 17:25:00"
"3.59636E+15","2019-01-01 09:37:00","2020-12-31 13:57:00"
"3.59622E+15","2019-01-01 03:45:00","2020-12-31 22:51:00"
"3.59519E+15","2019-01-01 06:16:00","2020-12-31 21:58:00"
"3.59511E+15","2019-01-01 02:28:00","2020-12-30 21:54:00"
"3.5934E+15","2019-01-03 18:56:00","2020-12-30 23:28:00"
"3.59312E+15","2019-01-01 04:36:00","2020-12-31 23:18:00"
"3.59293E+15","2019-01-01 09:46:00","2020-12-31 22:25:00"
"3.59233E+15","2019-01-01 01:09:00","2020-12-31 12:08:00"
"3.59192E+15","2019-01-01 13:54:00","2020-12-31 19:16:00"
"3.59074E+15","2019-01-01 06:39:00","2020-12-31 22:45:00"
"3.58929E+15","2019-01-01 18:18:00","2020-12-31 19:44:00"
"3.58926E+15","2019-01-01 12:50:00","2020-12-31 22:16:00"
"3.588E+15","2020-12-02 00:07:00","2020-12-03 23:45:00"
"3.58796E+15","2019-01-01 12:06:00","2020-12-31 20:35:00"
"3.58704E+15","2019-01-01 05:04:00","2020-12-31 19:43:00"
"3.58696E+15","2019-01-02 14:44:00","2020-12-31 09:48:00"
"3.58601E+15","2019-01-01 14:35:00","2020-12-31 22:13:00"
"3.58574E+15","2019-01-01 15:47:00","2020-12-31 14:05:00"
"3.58505E+15","2019-01-01 14:20:00","2020-12-31 22:22:00"
"3.58379E+15","2019-01-01 00:39:00","2020-12-31 18:41:00"
"3.58364E+15","2019-01-01 01:49:00","2020-12-31 23:33:00"
"3.58329E+15","2019-01-01 11:11:00","2020-12-31 05:27:00"
"3.58309E+15","2019-01-07 04:52:00","2020-12-31 01:11:00"
"3.58275E+15","2019-01-01 13:33:00","2020-12-31 21:37:00"
"3.5824E+15","2019-01-07 05:53:00","2020-12-31 16:09:00"
"3.58113E+15","2019-01-03 00:51:00","2020-12-31 09:57:00"
"3.5792E+15","2019-01-02 20:31:00","2020-12-31 17:40:00"
"3.57779E+15","2019-01-01 13:06:00","2020-12-31 15:38:00"
"3.5776E+15","2019-01-02 00:36:00","2020-12-31 07:21:00"
"3.57766E+15","2019-01-01 02:03:00","2020-12-31 23:48:00"
"3.57758E+15","2019-01-01 01:06:00","2020-12-31 20:30:00"
"3.57651E+15","2019-01-02 13:12:00","2020-12-31 08:48:00"
"3.57643E+15","2019-01-01 02:32:00","2020-12-31 23:27:00"
"3.57628E+15","2019-01-03 22:48:00","2020-12-31 08:10:00"
"3.57614E+15","2019-01-02 11:00:00","2020-12-29 15:58:00"
"3.57602E+15","2019-01-01 12:29:00","2020-12-31 22:13:00"
"3.57579E+15","2019-01-01 02:13:00","2020-12-31 23:16:00"
"3.57554E+15","2019-01-01 05:30:00","2020-12-31 19:40:00"
"3.57339E+15","2019-01-01 02:36:00","2020-12-31 08:37:00"
"3.57303E+15","2019-01-01 13:52:00","2020-12-31 19:19:00"
"3.57298E+15","2019-01-01 06:54:00","2020-12-31 10:36:00"
"3.56874E+15","2019-01-01 00:41:00","2020-12-31 11:38:00"
"3.56826E+15","2019-01-01 08:36:00","2020-12-31 23:50:00"
"3.56788E+15","2019-01-01 01:32:00","2020-12-31 21:57:00"
"3.5677E+15","2019-01-01 06:50:00","2020-12-31 21:56:00"
"3.56753E+15","2019-01-02 22:15:00","2020-12-31 17:40:00"
"3.566E+15","2019-01-01 04:58:00","2020-12-31 19:11:00"
"3.56688E+15","2019-01-01 22:21:00","2020-12-31 21:03:00"
"3.56637E+15","2019-01-01 09:32:00","2020-12-31 09:34:00"
"3.56609E+15","2019-01-01 02:33:00","2020-12-31 23:04:00"
"3.56594E+15","2019-01-01 01:39:00","2020-12-31 02:15:00"
"3.56542E+15","2019-01-01 00:10:00","2020-12-31 03:09:00"
"3.56541E+15","2019-01-02 08:23:00","2020-12-31 11:32:00"
"3.5652E+15","2019-01-01 22:07:00","2020-12-31 21:16:00"
"3.56484E+15","2019-01-02 18:25:00","2020-12-31 22:05:00"
"3.56418E+15","2019-01-01 19:08:00","2020-12-31 20:39:00"
"3.56384E+15","2019-01-01 15:39:00","2020-12-31 23:39:00"
"3.56268E+15","2019-01-02 22:18:00","2020-12-31 13:21:00"
"3.56226E+15","2019-01-01 21:46:00","2020-12-30 22:53:00"
"3.56196E+15","2019-01-01 06:56:00","2020-12-31 18:59:00"
"3.56121E+15","2019-01-01 03:27:00","2020-12-31 10:02:00"
"3.5608E+15","2019-01-01 11:17:00","2020-12-31 17:08:00"
"3.5607E+15","2019-01-01 08:34:00","2020-12-31 18:16:00"
"3.56073E+15","2019-01-01 06:17:00","2020-12-31 22:14:00"
"3.56034E+15","2019-01-01 02:23:00","2020-12-31 14:41:00"
"3.56032E+15","2019-01-01 14:15:00","2020-12-31 09:22:00"
"3.56025E+15","2019-01-01 16:05:00","2020-12-30 17:04:00"
"3.55972E+15","2019-01-01 18:24:00","2020-12-31 22:46:00"
"3.55968E+15","2019-01-01 07:39:00","2020-12-31 12:40:00"
"3.55916E+15","2019-01-01 03:09:00","2020-12-31 18:13:00"
"3.55888E+15","2019-01-01 00:56:00","2020-12-31 21:57:00"
"3.55865E+15","2019-01-01 02:04:00","2020-12-31 19:33:00"
"3.55744E+15","2019-01-01 22:31:00","2020-12-31 18:13:00"
"3.55661E+15","2019-01-01 09:57:00","2020-12-31 23:59:00"
"3.55485E+15","2019-01-01 06:21:00","2020-12-30 08:43:00"
"3.55482E+15","2019-01-03 12:40:00","2020-12-30 14:43:00"
"3.55442E+15","2019-12-04 00:14:00","2019-12-05 23:25:00"
"3.55363E+15","2019-01-01 00:34:00","2020-12-31 14:44:00"
"3.55258E+15","2019-01-01 05:20:00","2020-12-31 22:19:00"
"3.55151E+15","2019-01-01 17:42:00","2020-12-30 23:14:00"
"3.55122E+15","2019-01-01 06:58:00","2020-12-31 22:45:00"
"3.55055E+15","2019-01-02 12:11:00","2020-12-31 23:05:00"
"3.55041E+15","2020-09-04 02:02:00","2020-09-05 23:52:00"
"3.5492E+15","2019-01-01 13:11:00","2020-12-31 11:00:00"
"3.54871E+15","2019-04-14 19:23:00","2019-04-15 23:38:00"
"3.54757E+15","2019-01-01 17:22:00","2020-12-31 18:34:00"
"3.54756E+15","2019-01-01 00:43:00","2020-12-31 10:18:00"
"3.54734E+15","2019-03-12 00:57:00","2019-03-13 23:41:00"
"3.5469E+15","2019-01-01 05:01:00","2020-12-31 17:09:00"
"3.54667E+15","2019-01-01 05:11:00","2020-12-31 16:10:00"
"3.54644E+15","2019-12-23 00:21:00","2019-12-24 23:29:00"
"3.54558E+15","2019-01-29 00:36:00","2019-01-29 23:42:00"
"3.54511E+15","2019-01-01 12:37:00","2020-12-31 22:00:00"
"3.54461E+15","2019-01-01 15:27:00","2020-12-31 14:26:00"
"3.54389E+15","2019-02-25 02:20:00","2019-02-26 23:27:00"
"3.54359E+15","2019-01-01 04:38:00","2020-12-31 23:22:00"
"3.5433E+15","2019-01-01 01:37:00","2020-12-31 20:51:00"
"3.54283E+15","2020-01-22 03:23:00","2020-01-23 22:56:00"
"3.54216E+15","2019-01-01 19:07:00","2020-12-31 13:10:00"
"3.54169E+15","2019-01-01 01:43:00","2020-12-31 11:34:00"
"3.54155E+15","2019-01-01 02:22:00","2020-12-31 22:11:00"
"3.54116E+15","2019-01-01 01:50:00","2020-12-31 23:36:00"
"3.54086E+15","2019-01-01 07:20:00","2020-12-31 20:26:00"
"3.54042E+15","2020-07-02 23:17:00","2020-07-03 23:22:00"
"3.54021E+15","2019-01-01 06:00:00","2020-12-31 17:42:00"
"3.54008E+15","2019-01-01 11:07:00","2020-12-31 23:35:00"
"3.54002E+15","2019-01-05 08:03:00","2020-12-31 20:32:00"
"3.53852E+15","2019-01-01 07:58:00","2020-12-31 17:40:00"
"3.5378E+15","2019-01-03 01:16:00","2020-12-31 16:04:00"
"3.53692E+15","2019-01-01 00:46:00","2020-12-31 18:41:00"
"3.53682E+15","2019-01-01 11:07:00","2020-12-31 18:26:00"
"3.53581E+15","2019-01-01 10:06:00","2020-12-31 23:28:00"
"3.53472E+15","2019-01-02 13:37:00","2020-12-31 20:21:00"
"3.53433E+15","2019-01-01 02:36:00","2020-12-31 23:17:00"
"3.53409E+15","2019-01-01 00:01:00","2020-12-31 21:34:00"
"3.5338E+15","2019-01-01 08:33:00","2020-12-31 17:41:00"
"3.53374E+15","2019-01-01 02:20:00","2020-12-31 19:04:00"
"3.53318E+15","2019-01-01 02:42:00","2020-12-31 13:39:00"
"3.53301E+15","2019-01-01 15:48:00","2020-12-31 21:14:00"
"3.53161E+15","2019-01-03 12:27:00","2020-12-31 15:42:00"
"3.53113E+15","2019-01-01 04:44:00","2020-12-31 22:02:00"
"3.5305E+15","2019-01-01 15:25:00","2020-12-30 21:03:00"
"3.52979E+15","2020-01-10 22:27:00","2020-01-11 23:43:00"
"3.5296E+15","2019-01-01 03:55:00","2020-12-31 23:15:00"
"3.52841E+15","2019-01-01 16:16:00","2020-12-31 19:03:00"
"3.52823E+15","2019-01-03 21:00:00","2020-12-31 20:59:00"
"3.52804E+15","2020-03-08 03:56:00","2020-03-09 23:34:00"
"3.52754E+15","2019-01-01 06:20:00","2020-12-31 15:53:00"
"3.52706E+15","2019-01-06 09:17:00","2020-12-31 13:45:00"
"3.52683E+15","2019-01-01 09:01:00","2020-12-31 08:26:00"
"3.52567E+15","2019-01-01 00:47:00","2020-12-31 09:37:00"
"3.52559E+15","2019-01-01 12:19:00","2020-12-31 19:59:00"
"3.52457E+15","2019-01-01 14:42:00","2020-12-31 23:57:00"
"3.52449E+15","2019-09-13 00:32:00","2019-09-14 22:27:00"
"3.5239E+15","2019-01-01 08:29:00","2020-12-31 19:33:00"
"3.52384E+15","2019-01-01 23:20:00","2020-12-31 23:58:00"
"3.52182E+15","2019-01-01 03:37:00","2020-12-31 20:52:00"
"3.52142E+15","2019-01-01 19:59:00","2020-12-31 22:45:00"
"3.52126E+15","2019-10-19 03:26:00","2019-10-20 23:06:00"
"3.52055E+15","2019-01-01 13:07:00","2020-12-31 14:09:00"
"3.51961E+15","2019-01-01 01:36:00","2020-12-31 10:00:00"
"3.51923E+15","2019-01-01 03:35:00","2020-12-30 01:25:00"
"3.51876E+15","2019-01-01 01:04:00","2020-12-31 15:26:00"
"3.51867E+15","2019-01-01 15:39:00","2020-12-31 23:54:00"
"3.51823E+15","2019-01-01 01:14:00","2020-12-31 20:50:00"
"3.51781E+15","2019-01-01 06:31:00","2020-12-31 23:52:00"
"3.51753E+15","2019-01-01 15:59:00","2020-12-31 14:04:00"
"3.5149E+15","2019-01-01 02:02:00","2020-12-31 21:58:00"
"3.51487E+15","2019-01-01 00:09:00","2020-12-31 18:07:00"
"3.51362E+15","2019-01-01 13:51:00","2020-12-31 22:38:00"
"3.51351E+15","2019-01-02 15:39:00","2020-12-31 17:00:00"
"3.51329E+15","2019-01-01 06:07:00","2020-12-31 05:52:00"
"3.51237E+15","2019-01-01 20:26:00","2020-12-31 23:46:00"
"3.51138E+15","2019-01-01 01:45:00","2020-12-31 23:05:00"
"3.51106E+15","2019-01-01 00:36:00","2020-12-31 12:48:00"
"3.5081E+15","2019-01-01 15:01:00","2020-12-31 07:19:00"
"3.50659E+15","2019-01-01 01:34:00","2020-12-31 22:27:00"
"3.50604E+15","2019-01-01 03:50:00","2020-12-31 22:53:00"
"3.50418E+15","2019-01-01 06:29:00","2020-12-31 19:16:00"
"3.50238E+15","2019-01-01 17:16:00","2020-12-31 18:34:00"
"3.50209E+15","2019-01-01 01:09:00","2020-12-31 22:04:00"
"3.50194E+15","2019-01-01 07:09:00","2020-12-31 08:07:00"
"3.50151E+15","2019-01-01 00:52:00","2020-12-31 20:57:00"
"3.50137E+15","2019-01-05 03:38:00","2020-12-31 23:03:00"
"3.50097E+15","2019-01-01 19:00:00","2020-12-31 23:19:00"
"3.50017E+15","2019-01-01 11:16:00","2020-12-31 21:06:00"
"3.49813E+14","2019-10-28 14:33:00","2019-10-29 22:37:00"
"3.49613E+14","2019-01-01 00:25:00","2020-12-31 22:44:00"
"3.4879E+14","2019-01-01 01:23:00","2020-12-31 16:15:00"
"3.48379E+14","2019-01-01 01:53:00","2020-12-31 21:25:00"
"3.48254E+14","2019-01-03 01:39:00","2020-12-31 18:40:00"
"3.47613E+14","2019-01-01 11:43:00","2020-12-31 16:16:00"
"3.47399E+14","2020-10-03 00:04:00","2020-10-04 23:47:00"
"3.47073E+14","2019-01-01 04:59:00","2020-12-31 21:15:00"
"3.46273E+14","2019-01-01 14:39:00","2020-12-31 22:21:00"
"3.46244E+14","2019-01-06 13:55:00","2020-12-31 19:29:00"
"3.46208E+14","2019-01-01 17:03:00","2020-12-29 18:20:00"
"3.45934E+14","2019-01-01 11:19:00","2020-12-31 18:35:00"
"3.45832E+14","2019-01-01 05:59:00","2020-12-31 22:41:00"
"3.45389E+14","2019-01-01 14:33:00","2020-12-31 23:46:00"
"3.45226E+14","2019-04-28 01:21:00","2019-04-29 23:12:00"
"3.4506E+14","2019-01-01 04:13:00","2020-12-31 22:01:00"
"3.4471E+14","2019-01-01 08:08:00","2020-12-31 13:00:00"
"3.44342E+14","2019-01-01 15:38:00","2020-12-31 16:20:00"
"3.43819E+14","2019-01-01 03:26:00","2020-12-31 00:31:00"
"3.43746E+14","2019-01-01 18:48:00","2020-12-31 23:40:00"
"3.43669E+14","2019-01-01 13:17:00","2020-12-31 21:28:00"
"3.43473E+14","2019-01-01 09:42:00","2020-12-31 15:53:00"
"3.43464E+14","2019-01-01 00:18:00","2020-12-31 23:17:00"
"3.42952E+14","2019-01-01 06:10:00","2020-12-31 22:24:00"
"3.4236E+14","2019-01-01 04:24:00","2020-12-31 03:12:00"
"3.42351E+14","2019-01-01 11:02:00","2020-12-31 21:13:00"
"3.4232E+14","2019-01-01 09:50:00","2020-12-31 19:42:00"
"3.42036E+14","2019-01-01 13:47:00","2020-12-31 17:45:00"
"3.41546E+14","2019-01-01 02:56:00","2020-12-31 23:57:00"
"3.41543E+14","2019-01-01 08:19:00","2020-12-31 21:03:00"
"3.41283E+14","2019-01-01 00:57:00","2020-12-31 20:56:00"
"3.40954E+14","2019-01-01 02:50:00","2020-12-31 22:18:00"
"3.40951E+14","2019-01-01 10:00:00","2020-12-31 21:14:00"
"3.40187E+14","2019-01-02 01:47:00","2019-01-03 23:44:00"
"3.40103E+14","2019-01-02 23:27:00","2020-12-31 08:46:00"
"3.05965E+13","2019-01-01 13:26:00","2020-12-31 13:42:00"
"3.05702E+13","2019-01-02 20:26:00","2020-12-29 01:08:00"
"3.05612E+13","2019-01-01 00:27:00","2020-12-31 21:39:00"
"3.05606E+13","2019-01-01 12:12:00","2020-12-31 23:59:00"
"3.05516E+13","2019-01-01 11:39:00","2020-12-31 19:35:00"
"3.05465E+13","2019-01-01 15:45:00","2020-12-31 15:02:00"
"3.05411E+13","2019-01-02 15:03:00","2020-12-31 21:40:00"
"3.05182E+13","2019-01-01 12:51:00","2020-12-31 23:31:00"
"3.05109E+13","2019-01-01 16:22:00","2020-12-31 18:10:00"
"3.05016E+13","2019-01-01 14:08:00","2020-12-31 21:43:00"
"3.04997E+13","2019-09-09 03:10:00","2019-09-10 23:34:00"
"3.04913E+13","2019-01-01 06:10:00","2020-12-30 04:17:00"
"3.04876E+13","2019-01-01 00:56:00","2020-12-31 23:23:00"
"3.0446E+13","2019-01-01 22:29:00","2020-12-31 19:30:00"
"3.04424E+13","2019-01-01 01:56:00","2020-12-31 12:45:00"
"3.04342E+13","2019-01-01 07:20:00","2020-12-31 16:59:00"
"3.04282E+13","2019-01-01 08:16:00","2020-12-31 15:24:00"
"3.0427E+13","2019-01-02 03:08:00","2020-12-31 10:32:00"
"3.04083E+13","2019-01-03 13:58:00","2020-12-31 05:46:00"
"3.04077E+13","2019-01-01 05:32:00","2020-12-31 22:15:00"
"3.04043E+13","2019-01-01 00:40:00","2020-12-31 23:50:00"
"3.03762E+13","2019-01-01 01:23:00","2020-12-31 19:12:00"
"3.03738E+13","2019-01-01 18:18:00","2020-12-31 11:23:00"
"3.0371E+13","2019-01-01 05:05:00","2020-12-31 21:59:00"
"3.03641E+13","2019-01-01 14:00:00","2020-12-31 23:08:00"
"3.03603E+13","2019-01-01 18:05:00","2020-12-31 14:27:00"
"3.03574E+13","2019-01-02 14:19:00","2020-12-30 19:39:00"
"3.03447E+13","2019-01-01 02:21:00","2020-12-31 23:57:00"
"3.03433E+13","2019-01-01 08:23:00","2020-12-31 13:56:00"
"3.03284E+13","2019-01-01 03:56:00","2020-12-31 21:20:00"
"3.02906E+13","2019-01-01 06:22:00","2020-12-31 20:29:00"
"3.0273E+13","2019-01-01 00:55:00","2020-12-31 23:05:00"
"3.02704E+13","2019-01-01 01:32:00","2020-12-31 21:25:00"
"3.0267E+13","2019-01-01 09:52:00","2020-12-31 14:25:00"
"3.02635E+13","2019-01-01 09:42:00","2020-12-31 21:28:00"
"3.02489E+13","2019-01-01 09:53:00","2020-12-31 20:14:00"
"3.02429E+13","2019-01-01 02:59:00","2020-12-30 16:16:00"
"3.02388E+13","2019-01-01 06:29:00","2020-12-31 23:43:00"
"3.0235E+13","2019-01-01 08:14:00","2020-12-31 23:12:00"
"3.02354E+13","2019-01-01 17:36:00","2020-12-31 19:34:00"
"3.02353E+13","2019-01-01 03:01:00","2020-12-31 21:57:00"
"3.02305E+13","2019-01-01 08:32:00","2020-12-31 21:06:00"
"3.01996E+13","2019-01-01 18:17:00","2020-12-31 20:46:00"
"3.01974E+13","2019-01-01 07:48:00","2020-12-31 23:51:00"
"3.01814E+13","2019-01-01 06:25:00","2020-12-31 14:55:00"
"3.0176E+13","2019-01-01 06:55:00","2020-12-31 19:52:00"
"3.01535E+13","2019-01-01 05:56:00","2020-12-31 05:04:00"
"3.01507E+13","2019-01-02 13:56:00","2020-12-31 22:23:00"
"3.01437E+13","2019-01-01 20:48:00","2020-12-31 21:54:00"
"3.01435E+13","2019-01-01 05:04:00","2020-12-31 21:38:00"
"3.01352E+13","2019-01-01 07:47:00","2020-12-31 20:57:00"
"3.01318E+13","2019-01-01 09:25:00","2020-12-31 19:01:00"
"3.01184E+13","2019-01-01 23:57:00","2020-12-31 23:24:00"
"3.01031E+13","2019-01-01 19:06:00","2020-12-31 23:07:00"
"3.0093E+13","2019-01-01 02:16:00","2020-12-29 22:26:00"
"3.0082E+13","2019-01-01 04:13:00","2020-12-31 23:36:00"
"3.00747E+13","2019-01-01 00:04:00","2020-12-31 23:45:00"
"3.00443E+13","2019-01-01 08:27:00","2020-12-31 23:09:00"
"3.00424E+13","2019-01-01 05:41:00","2020-12-31 14:46:00"
"3.00332E+13","2019-01-01 22:23:00","2020-12-31 21:33:00"
"3.00304E+13","2019-01-01 05:32:00","2020-12-31 23:07:00"
"3.00291E+13","2019-01-01 07:28:00","2020-12-31 17:48:00"
"3.00268E+13","2019-01-01 09:13:00","2020-12-31 23:46:00"
"3.00115E+13","2019-01-01 00:31:00","2020-12-31 13:08:00"
"2.72089E+15","2019-01-01 09:34:00","2020-12-31 20:56:00"
"2.72083E+15","2019-01-01 00:06:00","2020-12-30 19:10:00"
"2.72043E+15","2019-01-01 00:44:00","2020-12-31 20:03:00"
"2.72001E+15","2019-01-01 03:37:00","2020-12-31 23:42:00"
"2.7195E+15","2019-01-01 14:40:00","2020-12-31 18:28:00"
"2.71402E+15","2019-01-02 17:18:00","2020-12-31 17:01:00"
"2.71391E+15","2019-01-01 04:02:00","2020-12-31 05:57:00"
"2.71221E+15","2019-01-01 00:23:00","2020-12-31 22:03:00"
"2.70698E+15","2019-01-01 09:01:00","2020-12-31 22:40:00"
"2.70319E+15","2019-01-01 00:00:00","2020-12-31 18:15:00"
"2.65785E+15","2019-01-01 10:52:00","2020-12-31 20:30:00"
"2.61053E+15","2019-01-01 14:35:00","2020-12-31 07:17:00"
"2.57671E+15","2019-01-01 08:22:00","2020-12-31 18:03:00"
"2.51231E+15","2019-01-01 07:03:00","2020-12-31 07:04:00"
"2.47509E+15","2019-01-01 04:58:00","2020-12-31 20:27:00"
"2.45408E+15","2019-01-02 06:26:00","2020-12-31 22:05:00"
"2.45083E+15","2019-01-01 09:41:00","2020-12-31 17:43:00"
"2.38346E+15","2019-01-01 11:47:00","2020-12-31 09:28:00"
"2.35812E+15","2019-01-04 20:18:00","2020-12-31 05:23:00"
"2.35628E+15","2019-01-01 00:40:00","2020-12-31 21:07:00"
"2.34825E+15","2019-01-01 00:11:00","2020-12-31 23:31:00"
"2.31806E+15","2019-01-01 02:06:00","2020-12-31 05:14:00"
"2.30534E+15","2019-01-01 00:14:00","2020-12-31 23:39:00"
"2.29745E+15","2019-01-01 06:41:00","2020-12-31 13:06:00"
"2.29601E+15","2019-01-01 20:23:00","2020-12-31 14:02:00"
"2.29596E+15","2019-09-10 13:49:00","2019-09-11 23:43:00"
"2.29116E+15","2019-01-01 15:40:00","2020-12-31 23:48:00"
"2.28881E+15","2019-01-01 14:28:00","2020-12-31 23:38:00"
"2.28875E+15","2019-01-01 05:16:00","2020-12-29 15:41:00"
"2.28728E+15","2019-08-08 02:14:00","2019-08-09 23:37:00"
"2.28624E+15","2019-01-01 05:02:00","2020-12-31 16:35:00"
"2.28507E+15","2019-01-01 04:21:00","2020-12-31 01:18:00"
"2.28406E+15","2019-01-01 03:56:00","2020-12-31 20:32:00"
"2.28374E+15","2019-01-01 13:08:00","2020-12-31 23:25:00"
"2.28087E+15","2019-01-03 19:12:00","2020-12-31 17:41:00"
"2.27491E+15","2019-01-01 10:50:00","2020-12-31 13:47:00"
"2.26977E+15","2019-01-01 05:46:00","2020-12-31 22:14:00"
"2.26822E+15","2019-01-05 22:57:00","2020-12-31 20:40:00"
"2.26674E+15","2019-01-01 00:33:00","2020-12-31 22:54:00"
"2.26494E+15","2019-01-01 02:36:00","2020-12-31 22:28:00"
"2.2608E+15","2019-01-01 01:23:00","2020-12-31 07:33:00"
"2.25623E+15","2019-01-02 00:23:00","2020-12-31 23:30:00"
"2.25492E+15","2019-01-01 05:19:00","2020-12-31 22:49:00"
"2.2548E+15","2019-01-01 15:33:00","2020-12-30 22:05:00"
"2.25206E+15","2019-01-01 08:35:00","2020-12-31 23:53:00"
"2.24874E+15","2019-01-01 00:49:00","2020-12-31 23:26:00"
"2.24835E+15","2019-01-01 14:25:00","2020-12-31 16:23:00"
"2.24254E+15","2019-01-01 04:18:00","2020-12-31 22:59:00"
"2.24218E+15","2020-12-21 03:29:00","2020-12-22 23:13:00"
"2.23561E+15","2019-01-01 01:19:00","2020-12-31 20:50:00"
"2.23534E+15","2019-01-01 02:43:00","2020-12-31 20:50:00"
"2.23388E+15","2019-01-01 02:00:00","2020-12-31 12:03:00"
"2.23119E+15","2019-01-01 07:16:00","2020-12-29 02:36:00"
"2.22982E+15","2019-01-01 09:15:00","2020-12-31 22:54:00"
"2.22938E+15","2019-01-01 06:35:00","2020-12-31 20:00:00"
"2.22767E+15","2019-01-01 19:35:00","2020-12-31 20:21:00"
"2.2241E+15","2019-01-06 12:06:00","2020-12-31 10:11:00"
"2.222E+15","2019-01-01 16:22:00","2020-12-31 23:48:00"
"2.22216E+15","2019-01-02 22:50:00","2020-12-31 14:03:00"
"2.132E+14","2019-01-01 20:45:00","2020-12-31 13:30:00"
"2.13199E+14","2019-01-01 11:55:00","2020-12-31 18:45:00"
"2.13196E+14","2019-01-01 03:31:00","2020-12-31 13:46:00"
"2.13194E+14","2019-01-01 00:39:00","2020-12-31 19:29:00"
"2.13191E+14","2019-01-01 14:58:00","2020-12-31 18:29:00"
"2.13187E+14","2019-01-01 03:57:00","2020-12-30 13:50:00"
"2.13186E+14","2019-01-02 11:00:00","2020-12-31 22:17:00"
"2.13181E+14","2019-01-01 03:18:00","2020-12-31 22:12:00"
"2.13179E+14","2019-01-01 00:40:00","2020-12-31 22:22:00"
"2.13175E+14","2019-01-01 01:44:00","2020-12-31 11:34:00"
"2.13174E+14","2019-01-01 06:36:00","2020-12-31 21:33:00"
"2.13164E+14","2019-01-01 06:22:00","2020-12-31 23:21:00"
"2.13162E+14","2019-01-01 12:40:00","2020-12-31 19:18:00"
"2.13161E+14","2019-01-01 04:03:00","2020-12-31 22:28:00"
"2.13158E+14","2019-01-01 05:41:00","2020-12-31 20:48:00"
"2.13157E+14","2019-01-01 04:56:00","2020-12-31 16:55:00"
"2.13156E+14","2019-01-02 18:00:00","2020-12-31 23:55:00"
"2.13155E+14","2019-01-01 02:52:00","2020-12-31 13:18:00"
"2.13153E+14","2019-01-02 00:52:00","2020-12-31 18:15:00"
"2.13148E+14","2019-01-01 16:01:00","2020-12-31 21:11:00"
"2.13142E+14","2019-01-01 00:27:00","2020-12-31 23:16:00"
"2.13137E+14","2019-01-01 07:03:00","2020-12-31 18:47:00"
"2.1312E+14","2019-01-01 08:13:00","2020-12-30 11:15:00"
"2.13127E+14","2019-01-01 00:32:00","2020-12-31 22:32:00"
"2.13126E+14","2019-01-02 21:45:00","2020-12-31 12:50:00"
"2.13125E+14","2019-01-01 01:58:00","2020-12-31 21:24:00"
"2.13114E+14","2019-01-01 17:10:00","2020-12-31 22:53:00"
"2.13113E+14","2019-01-01 01:47:00","2020-12-31 06:13:00"
"2.13112E+14","2019-01-01 01:08:00","2020-12-31 23:56:00"
"2.13107E+14","2019-01-01 21:15:00","2020-12-31 17:16:00"
"2.13103E+14","2019-01-01 05:36:00","2020-12-31 22:27:00"
"1.80099E+14","2020-06-24 00:26:00","2020-06-25 23:48:00"
"1.80095E+14","2019-01-01 00:22:00","2020-12-31 10:15:00"
"1.80094E+14","2019-01-01 11:31:00","2020-12-31 23:35:00"
"1.80085E+14","2019-01-01 14:02:00","2020-12-31 20:02:00"
"1.80081E+14","2019-01-01 14:51:00","2020-12-31 20:02:00"
"1.80073E+14","2019-01-01 04:32:00","2020-12-31 23:10:00"
"1.80069E+14","2019-01-01 04:59:00","2020-12-31 18:18:00"
"1.80068E+14","2019-01-01 00:32:00","2020-12-31 19:33:00"
"1.80067E+14","2019-01-01 03:06:00","2020-12-31 21:34:00"
"1.80065E+14","2019-01-01 04:58:00","2020-12-31 22:26:00"
"1.80059E+14","2019-01-01 14:52:00","2020-12-31 19:56:00"
"1.80056E+14","2019-01-02 00:53:00","2020-12-31 22:05:00"
"1.80053E+14","2020-09-01 05:24:00","2020-09-02 23:18:00"
"1.8004E+14","2019-01-01 01:20:00","2020-12-31 23:43:00"
"1.80049E+14","2019-01-01 15:03:00","2020-12-31 21:08:00"
"1.80048E+14","2019-01-01 00:17:00","2020-12-31 22:30:00"
"1.80047E+14","2019-01-01 07:17:00","2020-12-31 22:10:00"
"1.80046E+14","2019-01-01 15:58:00","2020-12-29 21:02:00"
"1.80043E+14","2019-01-01 00:06:00","2020-12-31 19:23:00"
"1.80038E+14","2019-11-30 01:24:00","2019-12-01 23:10:00"
"1.80036E+14","2019-01-01 05:33:00","2020-12-31 22:01:00"
"1.80031E+14","2019-01-01 20:41:00","2020-12-31 22:45:00"
"1.80021E+14","2020-09-30 07:18:00","2020-10-01 23:19:00"
"1.80018E+14","2019-01-01 17:07:00","2020-12-31 21:43:00"
"1.80017E+14","2019-01-01 19:53:00","2020-12-31 15:56:00"
"1.80014E+14","2019-01-01 01:23:00","2020-12-31 16:56:00"
"1.80011E+14","2019-01-03 01:39:00","2020-12-31 20:57:00"
