"cc_num","top_3_merchant_amount","total_card_amount","top_3_concentration_pct"
"3.88175E+13","2713.10","3023.40","89.74"
"4.73431E+15","2196.72","2494.25","88.07"
"3.75623E+14","2811.67","3273.02","85.90"
"5.01895E+11","3178.82","3741.75","84.96"
"3.54042E+15","3090.74","3671.14","84.19"
"4.2953E+12","3486.90","4272.48","81.61"
"3.52979E+15","3880.14","4788.19","81.04"
"3.40187E+14","1199.73","1496.10","80.19"
"4.35231E+18","3180.64","4253.58","74.78"
"3.54283E+15","3652.82","4976.26","73.40"
"3.54558E+15","2621.20","3595.25","72.91"
"4.08754E+15","3021.38","4175.17","72.37"
"3.52449E+15","3755.35","5342.77","70.29"
"5.30165E+15","2891.81","4175.17","69.26"
"3.55442E+15","931.90","1348.53","69.10"
"4.25711E+18","3228.07","4693.06","68.78"
"4.59803E+12","3013.49","4404.16","68.42"
"4.84424E+12","3981.19","5858.01","67.96"
"2.28728E+15","2843.90","4539.62","62.65"
"4.48117E+18","2915.16","4715.73","61.82"
"6.01183E+15","2859.22","4630.44","61.75"
"4.97546E+12","2455.17","4008.75","61.25"
"4.24352E+18","3022.27","4944.02","61.13"
"5.03851E+11","2867.86","4729.57","60.64"
"4.15721E+15","2928.94","4831.61","60.62"
"3.47399E+14","2853.31","4709.98","60.58"
"4.18019E+18","3076.48","5113.92","60.16"
"3.85342E+13","2852.86","4908.57","58.12"
"4.71402E+18","2797.13","4900.65","57.08"
"4.91182E+18","2725.76","4817.48","56.58"
"3.54644E+15","2832.33","5098.57","55.55"
"5.14404E+15","3863.67","7068.08","54.66"
"5.01851E+11","3505.79","6467.81","54.20"
"6.57778E+15","3260.90","6121.54","53.27"
"3.52804E+15","2651.03","5007.60","52.94"
"4.49268E+15","3018.18","5764.55","52.36"
"6.01173E+15","2940.09","5671.95","51.84"
"3.04083E+13","28289.86","56050.17","50.47"
"4.59357E+12","4197.67","8431.93","49.78"
"3.45226E+14","3058.62","6149.41","49.74"
"4.45749E+12","3065.50","6263.21","48.94"
"3.54734E+15","3148.54","6462.60","48.72"
"3.54871E+15","4015.74","8350.56","48.09"
"4.88341E+12","2996.61","6267.82","47.81"
"3.54389E+15","4034.64","8564.29","47.11"
"3.49813E+14","3166.05","6737.85","46.99"
"4.16287E+18","3223.48","6950.25","46.38"
"1.80099E+14","2945.91","6463.80","45.58"
"6.51778E+15","3179.14","7066.92","44.99"
"2.24218E+15","3078.70","6868.06","44.83"
"3.04997E+13","3060.74","7045.77","43.44"
"4.07617E+12","3390.52","7807.28","43.43"
"4.20424E+15","2919.64","6751.81","43.24"
"2.29596E+15","2940.67","6807.75","43.20"
"1.80021E+14","3417.24","7993.74","42.75"
"1.80038E+14","2814.30","6697.65","42.02"
"6.50025E+15","3020.19","7192.92","41.99"
"3.78263E+14","3004.30","7229.89","41.55"
"4.66956E+15","3002.99","7323.65","41.00"
"4.62913E+12","3411.43","8511.91","40.08"
"3.55041E+15","3134.24","7988.02","39.24"
"4.41768E+15","3139.25","8082.66","38.84"
"4.65963E+18","3155.05","8131.43","38.80"
"3.72965E+14","3330.38","8598.82","38.73"
"5.86101E+11","3784.48","9874.94","38.32"
"5.77891E+11","3342.17","8789.74","38.02"
"6.7618E+11","3036.25","8247.53","36.81"
"1.80053E+14","3020.60","8308.80","36.35"
"3.52126E+15","3135.36","9384.03","33.41"
"6.01194E+15","3339.25","10437.00","31.99"
"3.588E+15","3621.06","11641.22","31.11"
"4.63307E+15","14601.26","47901.51","30.48"
"4.72584E+18","24625.40","81106.41","30.36"
"4.1687E+15","3151.66","10404.97","30.29"
"6.75962E+11","16769.73","56965.14","29.44"
"6.7591E+11","33953.21","115671.81","29.35"
"4.43309E+15","14970.58","52730.24","28.39"
"3.5989E+15","15215.82","54949.65","27.69"
"4.37899E+15","31992.26","125321.08","25.53"
"3.01435E+13","28954.89","122463.33","23.64"
"3.59863E+15","9706.14","41934.89","23.15"
"6.53533E+15","11694.45","50839.03","23.00"
"4.49791E+18","24393.17","107746.86","22.64"
"3.58113E+15","11309.58","52220.26","21.66"
"3.56121E+15","9332.27","46222.07","20.19"
"3.58505E+15","20323.97","102217.01","19.88"
"3.46244E+14","8902.89","44812.82","19.87"
"3.43473E+14","16473.81","84128.33","19.58"
"3.53409E+15","10322.65","53284.89","19.37"
"4.07051E+15","17103.33","88972.07","19.22"
"3.50659E+15","18476.01","98133.18","18.83"
"4.97942E+15","33860.22","184389.82","18.36"
"4.79894E+18","8241.33","45065.07","18.29"
"4.80644E+12","8146.61","45342.48","17.97"
"4.44058E+12","8104.08","45371.11","17.86"
"2.26494E+15","31870.85","182506.81","17.46"
"4.41272E+15","8590.25","50149.74","17.13"
"4.15801E+12","6417.26","37631.63","17.05"
"4.96986E+15","15854.17","96696.69","16.40"
"3.50137E+15","8773.06","53546.97","16.38"
"3.04342E+13","7130.17","43590.25","16.36"
"4.76727E+15","7298.14","45123.90","16.17"
"4.45083E+15","27704.60","172567.89","16.05"
"5.54064E+15","36165.18","229122.79","15.78"
"5.35954E+15","26855.50","170671.54","15.74"
"3.55485E+15","15260.22","99887.48","15.28"
"3.05411E+13","6267.79","41055.74","15.27"
"3.71009E+14","16673.32","109585.78","15.21"
"3.59233E+15","6364.49","42004.52","15.15"
"3.04913E+13","6861.42","45308.55","15.14"
"3.02353E+13","20471.74","135662.25","15.09"
"4.38352E+12","12706.91","84303.39","15.07"
"4.26006E+15","7661.98","50929.82","15.04"
"4.50254E+18","20111.42","133864.36","15.02"
"6.01123E+15","12945.30","86701.77","14.93"
"4.33553E+15","6275.59","42275.34","14.84"
"3.73213E+14","6359.47","43691.34","14.56"
"4.15876E+15","4963.96","34663.91","14.32"
"2.23119E+15","6036.36","42430.58","14.23"
"2.57671E+15","20331.47","143808.01","14.14"
"4.50992E+15","10712.13","76998.52","13.91"
"4.12977E+15","10865.59","78282.28","13.88"
"4.68726E+12","5655.98","40879.16","13.84"
"4.6059E+12","7229.41","52962.33","13.65"
"3.57554E+15","14903.29","111248.46","13.40"
"3.05465E+13","12772.11","95623.77","13.36"
"5.01883E+11","6483.68","48596.09","13.34"
"4.662E+18","10337.92","77737.89","13.30"
"5.28929E+15","4660.04","35060.81","13.29"
"2.28507E+15","10500.27","79121.64","13.27"
"3.7755E+14","13032.40","98617.14","13.22"
"3.5652E+15","12203.20","92798.27","13.15"
"4.80755E+12","5405.25","41172.48","13.13"
"6.30426E+11","17748.63","135922.50","13.06"
"6.52891E+15","11085.95","85326.64","12.99"
"4.97353E+18","12790.05","98648.95","12.97"
"4.22841E+15","4846.48","37457.72","12.94"
"6.75946E+11","12820.25","100013.09","12.82"
"3.46208E+14","6657.51","51988.66","12.81"
"2.24835E+15","11140.36","88020.03","12.66"
"60487002085","5097.62","40627.07","12.55"
"2.28875E+15","5838.28","46966.58","12.43"
"6.76282E+11","17695.54","142716.92","12.40"
"6.52645E+15","5334.22","43269.73","12.33"
"4.38491E+15","16574.85","134731.84","12.30"
"3.75768E+14","17511.00","143582.86","12.20"
"3.79141E+14","4842.63","40076.64","12.08"
"3.48254E+14","5591.57","46471.26","12.03"
"6.55425E+15","18321.19","152767.58","11.99"
"3.01437E+13","10690.29","90490.78","11.81"
"3.56268E+15","10629.32","90434.79","11.75"
"3.70819E+14","9915.20","84415.06","11.75"
"3.59636E+15","18784.61","160025.61","11.74"
"3.77835E+14","5131.13","43902.70","11.69"
"5.0205E+11","10169.55","87387.66","11.64"
"3.05965E+13","4351.91","37462.02","11.62"
"4.31213E+18","10046.84","86649.33","11.59"
"4.7973E+18","20870.42","180164.41","11.58"
"2.35812E+15","5977.07","51700.48","11.56"
"4.50538E+12","10364.78","89644.61","11.56"
"6.01148E+15","5579.76","48444.23","11.52"
"3.04077E+13","18658.05","163396.97","11.42"
"3.50151E+15","18187.91","159423.75","11.41"
"2.28624E+15","14872.53","130883.69","11.36"
"3.56826E+15","16755.74","148962.01","11.25"
"2.22216E+15","4096.96","36496.83","11.23"
"3.5305E+15","5202.95","46481.02","11.19"
"4.30659E+15","10188.29","91117.87","11.18"
"60423098130","4369.78","39197.22","11.15"
"5.55986E+15","14715.30","131990.62","11.15"
"3.56594E+15","5168.11","46374.58","11.14"
"4.63496E+15","16518.59","149410.90","11.06"
"4.18981E+12","4521.40","41107.64","11.00"
"3.566E+15","3918.53","35796.24","10.95"
"4.04851E+15","12929.98","118150.85","10.94"
"3.58574E+15","11039.43","100955.79","10.93"
"5.71314E+11","4374.27","40014.20","10.93"
"3.56384E+15","8245.22","75837.96","10.87"
"4.12454E+15","5537.61","51173.87","10.82"
"3.50017E+15","4587.73","43048.73","10.66"
"3.79897E+14","9099.01","85556.16","10.64"
"6.01158E+15","5108.89","48278.77","10.58"
"4.06714E+15","13035.33","123389.13","10.56"
"3.51329E+15","4364.25","41397.07","10.54"
"2.13137E+14","4745.74","45208.70","10.50"
"6.59224E+15","8925.33","85227.19","10.47"
"6.30452E+11","24836.58","237817.65","10.44"
"3.63605E+13","4425.52","42566.82","10.40"
"3.77265E+14","4814.07","46326.92","10.39"
"3.0446E+13","3343.47","32436.73","10.31"
"3.00424E+13","4021.24","39047.62","10.30"
"2.25623E+15","9175.78","89287.90","10.28"
"3.71034E+14","8633.74","84037.10","10.27"
"4.68352E+15","12882.18","126052.59","10.22"
"2.13157E+14","21365.25","209294.27","10.21"
"3.03603E+13","4387.60","42976.39","10.21"
"6.76308E+11","4233.74","41674.65","10.16"
"3.80575E+13","9868.04","97616.72","10.11"
"3.02429E+13","8359.18","83127.34","10.06"
"4.09971E+15","20701.24","207444.24","9.98"
"4.42516E+15","4425.07","44360.81","9.98"
"4.35814E+18","7207.56","72443.51","9.95"
"4.22622E+18","5638.89","56667.19","9.95"
"3.5824E+15","4382.31","44117.90","9.93"
"3.74656E+14","11392.49","114860.15","9.92"
"6.01169E+15","16663.24","168394.46","9.90"
"2.31806E+15","3745.89","37994.43","9.86"
"4.8004E+15","12379.62","125592.57","9.86"
"5.41006E+15","3702.05","37575.48","9.85"
"2.27491E+15","4371.64","44514.75","9.82"
"2.7195E+15","8615.33","87842.63","9.81"
"3.51106E+15","4212.60","42991.89","9.80"
"4.34253E+15","11710.54","119459.47","9.80"
"3.58275E+15","16693.99","170421.01","9.80"
"4.93346E+15","7481.33","76827.77","9.74"
"3.54086E+15","4262.57","43852.93","9.72"
"3.56226E+15","4446.75","45834.68","9.70"
"3.74822E+14","4132.26","42695.02","9.68"
"3.80144E+13","4299.47","44798.30","9.60"
"4.82237E+15","7257.90","75567.13","9.60"
"2.22982E+15","3736.85","39142.45","9.55"
"4.26E+12","7799.23","81767.70","9.54"
"6.5504E+15","8005.59","83900.21","9.54"
"4.2662E+15","8814.32","93096.63","9.47"
"4.98693E+15","4120.09","43496.20","9.47"
"3.47613E+14","3326.40","35231.85","9.44"
"4.87401E+15","3818.72","40448.41","9.44"
"6.0112E+15","3726.11","39587.08","9.41"
"4.60164E+12","8462.41","89926.34","9.41"
"4.37337E+18","3230.77","34352.81","9.40"
"5.01803E+11","11541.65","122745.37","9.40"
"4.85585E+18","4607.74","49071.04","9.39"
"4.95792E+12","7568.94","80592.08","9.39"
"4.82402E+15","3859.84","41118.07","9.39"
"3.55888E+15","7854.77","83758.51","9.38"
"4.102E+18","11113.68","118494.41","9.38"
"3.52823E+15","8455.02","90206.59","9.37"
"3.78905E+14","10042.37","107258.98","9.36"
"4.7642E+15","3594.24","38400.71","9.36"
"3.55258E+15","12070.36","129026.43","9.35"
"4.11027E+18","3178.99","34052.05","9.34"
"4.00399E+15","19162.38","205500.36","9.32"
"4.81084E+18","14406.37","154778.15","9.31"
"3.50194E+15","12477.40","134600.08","9.27"
"3.53682E+15","3719.24","40183.64","9.26"
"3.76657E+14","12383.85","133862.45","9.25"
"3.88595E+13","4038.39","43761.35","9.23"
"4.2554E+18","8260.26","89622.95","9.22"
"3.43746E+14","10939.74","119080.04","9.19"
"3.42952E+14","20508.63","224103.75","9.15"
"4.19847E+12","13525.35","147908.97","9.14"
"1.80059E+14","4378.34","48002.97","9.12"
"2.2608E+15","4664.15","51181.93","9.11"
"6.51507E+15","2981.42","32875.08","9.07"
"4.17395E+15","15966.22","176066.71","9.07"
"4.29274E+18","10013.55","110631.14","9.05"
"3.57651E+15","3090.36","34276.70","9.02"
"4.97223E+15","4136.81","45939.79","9.00"
"4.5031E+18","15722.95","174882.47","8.99"
"5.01828E+11","3818.66","42743.31","8.93"
"5.15205E+15","10208.47","114315.10","8.93"
"4.23944E+12","6494.72","72817.32","8.92"
"3.77993E+14","13377.82","150747.49","8.87"
"6.39096E+11","3346.91","37749.03","8.87"
"4.72567E+15","3839.80","43362.03","8.86"
"1.80069E+14","8154.62","92153.02","8.85"
"2.28374E+15","14051.46","158842.61","8.85"
"4.11655E+15","4107.07","46462.61","8.84"
"4.60016E+12","4037.42","45860.09","8.80"
"3.54155E+15","4678.01","53204.50","8.79"
"3.05612E+13","10550.33","120318.25","8.77"
"3.59798E+15","3423.03","39131.16","8.75"
"4.10431E+15","6890.03","78796.20","8.74"
"3.57766E+15","3730.96","42806.77","8.72"
"4.15502E+15","12723.69","146189.57","8.70"
"3.0267E+13","10013.94","115189.50","8.69"
"3.57614E+15","3349.08","38562.08","8.68"
"3.53692E+15","4143.62","47813.51","8.67"
"2.23534E+15","3576.34","41283.62","8.66"
"3.56753E+15","7794.95","89970.04","8.66"
"4.46446E+12","16226.69","187371.52","8.66"
"2.23561E+15","13178.46","152536.14","8.64"
"3.56637E+15","3452.72","40076.88","8.62"
"3.58309E+15","4485.31","52101.42","8.61"
"3.55661E+15","14279.21","165957.93","8.60"
"4.46204E+18","3418.82","39827.65","8.58"
"5.83699E+11","12371.38","144547.90","8.56"
"3.50418E+15","9697.25","113237.91","8.56"
"3.01814E+13","3209.57","37529.86","8.55"
"4.7557E+12","17020.13","199281.42","8.54"
"3.45832E+14","10847.73","127120.78","8.53"
"4.58758E+15","12653.83","149280.37","8.48"
"4.71079E+15","6449.40","76205.42","8.46"
"3.5378E+15","3702.85","43819.56","8.45"
"5.80954E+11","6778.51","80178.94","8.45"
"2.13112E+14","19417.90","229877.89","8.45"
"6.01195E+15","3592.16","42627.42","8.43"
"4.85953E+15","6752.04","80182.93","8.42"
"60416207185","9710.16","115524.18","8.41"
"3.59511E+15","3464.92","41206.86","8.41"
"3.59192E+15","9232.03","110142.75","8.38"
"4.19583E+15","2980.93","35774.89","8.33"
"4.48113E+12","6183.72","74476.45","8.30"
"6.5691E+15","3796.17","45760.90","8.30"
"2.61053E+15","5466.73","65896.40","8.30"
"4.04504E+18","7206.40","86960.48","8.29"
"3.56541E+15","3008.27","36330.71","8.28"
"3.71683E+14","3487.68","42167.69","8.27"
"4.65812E+12","6752.13","81682.66","8.27"
"5.01899E+11","10594.50","128756.85","8.23"
"5.12741E+15","3204.21","38935.67","8.23"
"1.8004E+14","4476.59","54484.42","8.22"
"3.59519E+15","16270.47","198088.89","8.21"
"2.30534E+15","10298.17","125402.96","8.21"
"5.73284E+11","3496.73","42644.97","8.20"
"4.91723E+12","3090.20","37717.29","8.19"
"3.70349E+14","7191.20","88178.82","8.16"
"4.17972E+15","3208.49","39338.06","8.16"
"4.04444E+18","4534.03","55586.92","8.16"
"4.56283E+12","6105.74","74814.11","8.16"
"4.25407E+15","7088.32","87046.89","8.14"
"3.72382E+14","10773.31","132497.54","8.13"
"4.2097E+18","3157.89","39101.68","8.08"
"3.59793E+15","6358.31","79121.28","8.04"
"3.03574E+13","3123.58","39007.30","8.01"
"6.01131E+15","6731.64","84163.41","8.00"
"3.42036E+14","3987.02","49927.84","7.99"
"3.54461E+15","3501.61","43911.36","7.97"
"2.28087E+15","2941.80","37060.68","7.94"
"3.05109E+13","3455.46","43599.68","7.93"
"3.54169E+15","3178.15","40063.44","7.93"
"6.01171E+15","3641.87","45961.73","7.92"
"3.53161E+15","3152.16","40076.39","7.87"
"5.70273E+11","3400.63","43243.83","7.86"
"6.30413E+11","2865.36","36475.41","7.86"
"6.52696E+15","3553.66","45223.73","7.86"
"4.02561E+15","9548.30","121772.68","7.84"
"4.33423E+15","13459.55","171822.36","7.83"
"3.59924E+15","6139.69","78481.41","7.82"
"3.54667E+15","5539.50","70972.19","7.81"
"2.13199E+14","4818.38","61671.35","7.81"
"4.30663E+12","7387.25","94612.56","7.81"
"4.58513E+12","8423.80","108223.27","7.78"
"3.0427E+13","7234.44","93013.27","7.78"
"4.16939E+12","9052.21","116775.85","7.75"
"6.01139E+15","15880.01","204958.28","7.75"
"4.42608E+18","2910.69","37604.38","7.74"
"4.9147E+15","3022.44","39064.67","7.74"
"3.77027E+14","14560.95","188772.67","7.71"
"4.89707E+18","6551.75","85405.26","7.67"
"4.69816E+15","3031.37","39498.03","7.67"
"2.13127E+14","8922.42","116391.72","7.67"
"3.4236E+14","3432.15","44853.45","7.65"
"3.56542E+15","6657.30","86982.62","7.65"
"3.05016E+13","11414.58","149752.22","7.62"
"6.52678E+15","3737.70","49131.91","7.61"
"6.59207E+15","4565.02","60060.98","7.60"
"6.53844E+15","22301.01","294085.19","7.58"
"4.13446E+15","3591.21","47593.45","7.55"
"3.61926E+13","4255.74","56507.48","7.53"
"6.56446E+15","2750.22","36550.47","7.52"
"4.58493E+18","12728.49","169544.44","7.51"
"6.52318E+15","3127.73","41641.79","7.51"
"4.89042E+18","8267.19","110403.14","7.49"
"2.13107E+14","4584.27","61309.19","7.48"
"3.58329E+15","5428.62","72620.43","7.48"
"6.76246E+11","6954.61","93242.24","7.46"
"4.76012E+12","3065.21","41081.94","7.46"
"3.53472E+15","5498.58","73660.57","7.46"
"3.65815E+13","3073.85","41393.21","7.43"
"3.57298E+15","2891.70","38979.27","7.42"
"3.5469E+15","12069.64","163145.40","7.40"
"4.42781E+12","6619.06","89406.39","7.40"
"4.39668E+12","3285.27","44372.93","7.40"
"3.5934E+15","3104.98","42029.67","7.39"
"3.00115E+13","4369.09","59221.70","7.38"
"3.54216E+15","2869.79","38942.76","7.37"
"6.76373E+11","13620.62","185175.31","7.36"
"4.961E+15","5740.94","78724.13","7.29"
"3.68903E+13","2602.66","35787.65","7.27"
"3.75083E+14","10336.86","142645.73","7.25"
"6.59725E+15","3026.57","41747.62","7.25"
"4.02622E+12","4304.36","59394.55","7.25"
"60495593109","3035.57","41909.11","7.24"
"60427851591","5143.91","71021.76","7.24"
"1.80095E+14","3479.22","48254.65","7.21"
"3.56609E+15","25367.54","352691.62","7.19"
"3.52706E+15","3470.40","48393.86","7.17"
"3.76944E+14","3095.08","43335.98","7.14"
"4.56189E+12","6265.55","87936.86","7.13"
"3.78279E+14","9138.62","128824.71","7.09"
"3.56034E+15","2502.13","35283.27","7.09"
"3.03738E+13","3204.92","45293.89","7.08"
"4.98032E+18","2781.73","39464.06","7.05"
"4.51835E+15","5529.75","78643.58","7.03"
"3.43819E+14","5629.00","80044.48","7.03"
"2.13148E+14","12205.77","173809.88","7.02"
"6.01149E+15","8036.23","114518.55","7.02"
"3.75905E+14","5802.50","82734.27","7.01"
"6.30471E+11","4346.85","62044.83","7.01"
"3.05702E+13","3102.11","44388.95","6.99"
"4.22035E+12","9378.10","134349.57","6.98"
"2.28406E+15","3469.02","49790.34","6.97"
"4.90663E+18","12109.30","173922.34","6.96"
"2.13103E+14","8211.33","117972.57","6.96"
"4.53857E+12","8324.79","119620.91","6.96"
"3.41283E+14","5384.64","77381.68","6.96"
"3.75975E+14","10482.87","150681.98","6.96"
"4.1714E+15","2812.79","40473.33","6.95"
"3.57303E+15","10429.02","150222.64","6.94"
"4.68274E+15","2821.60","40710.00","6.93"
"6.54767E+15","8304.65","120362.50","6.90"
"2.22767E+15","3941.68","57184.24","6.89"
"2.71402E+15","3438.63","50153.64","6.86"
"3.55151E+15","2255.86","33010.14","6.83"
"6.54473E+15","7894.58","115807.19","6.82"
"3.05182E+13","10453.54","153657.93","6.80"
"4.72724E+15","8659.10","127456.63","6.79"
"3.57579E+15","14596.43","215337.81","6.78"
"6.01198E+15","3294.45","48672.83","6.77"
"3.52559E+15","12760.76","188940.36","6.75"
"3.59801E+15","8403.30","124781.26","6.73"
"3.74125E+14","8679.69","129394.42","6.71"
"4.14964E+12","10044.64","149658.75","6.71"
"3.03641E+13","7357.70","109877.26","6.70"
"2.26674E+15","9946.88","149030.62","6.67"
"3.5677E+15","10488.87","157468.48","6.66"
"2.2241E+15","2652.02","39940.29","6.64"
"4.41058E+18","5650.16","85069.04","6.64"
"6.76327E+11","3974.35","59860.88","6.64"
"3.57779E+15","5222.60","78831.10","6.63"
"4.47157E+12","5659.91","86021.72","6.58"
"6.59394E+15","3775.59","57348.20","6.58"
"6.01165E+15","14081.26","214612.65","6.56"
"6.76292E+11","2907.78","44369.60","6.55"
"2.13153E+14","5608.12","85762.86","6.54"
"3.0082E+13","8778.76","134398.06","6.53"
"3.77896E+14","6177.20","94585.00","6.53"
"4.62356E+12","11188.43","171541.20","6.52"
"4.6817E+12","12322.33","189290.89","6.51"
"1.80017E+14","5390.60","82870.96","6.50"
"2.45083E+15","5096.70","78591.82","6.49"
"4.0666E+12","7819.34","120741.00","6.48"
"4.87836E+15","2606.43","40222.36","6.48"
"4.78991E+15","3699.17","57095.69","6.48"
"6.7631E+11","4797.25","74125.88","6.47"
"3.57758E+15","15082.10","233597.39","6.46"
"4.37926E+18","7747.35","120101.42","6.45"
"6.76174E+11","8245.85","128042.25","6.44"
"3.75237E+14","3092.46","48263.06","6.41"
"3.5776E+15","2323.01","36318.95","6.40"
"4.75604E+18","2516.08","39292.05","6.40"
"3.76013E+14","5331.37","83498.27","6.39"
"3.03762E+13","5478.21","85749.81","6.39"
"4.71574E+18","7426.64","116804.65","6.36"
"4.71346E+15","4060.24","63816.97","6.36"
"3.5433E+15","7379.95","116242.33","6.35"
"4.27916E+12","4509.88","71046.47","6.35"
"6.59789E+15","10346.91","162832.63","6.35"
"4.74071E+15","5704.17","90414.15","6.31"
"4.46978E+18","8580.63","136096.78","6.30"
"3.57339E+15","4633.14","73683.08","6.29"
"4.50914E+15","10119.35","161031.46","6.28"
"3.60781E+13","9641.50","153457.37","6.28"
"3.75248E+14","9631.56","154150.04","6.25"
"4.40001E+18","9462.74","151489.81","6.25"
"4.5506E+15","8359.61","134175.60","6.23"
"3.55744E+15","2993.65","48094.88","6.22"
"4.71083E+18","7671.17","123628.03","6.21"
"4.49249E+15","4085.81","65990.60","6.19"
"3.5607E+15","7335.56","118563.22","6.19"
"5.1549E+15","3642.01","58851.36","6.19"
"4.73685E+18","9650.86","155931.88","6.19"
"4.81079E+18","6668.16","108132.10","6.17"
"3.5149E+15","8410.97","136350.28","6.17"
"3.72509E+14","21552.88","349773.96","6.16"
"6.01138E+15","9982.16","162251.30","6.15"
"4.22973E+15","6584.00","107114.86","6.15"
"4.98113E+12","7484.25","121639.67","6.15"
"3.56484E+15","9731.11","158835.02","6.13"
"6.30423E+11","13207.48","215755.29","6.12"
"3.52754E+15","10873.63","177748.04","6.12"
"2.26822E+15","3416.68","55786.75","6.12"
"3.03447E+13","4735.42","77385.09","6.12"
"4.56137E+15","3994.73","65329.64","6.11"
"3.54511E+15","12149.72","199712.43","6.08"
"6.57356E+15","7733.25","127265.50","6.08"
"3.58379E+15","8905.41","146830.99","6.07"
"4.90468E+15","14111.11","232464.05","6.07"
"4.50145E+15","3768.54","62313.25","6.05"
"6.59286E+15","6282.61","103958.11","6.04"
"3.56025E+15","2485.09","41156.92","6.04"
"6.50131E+15","3301.22","54713.60","6.03"
"4.00377E+15","5431.06","90281.13","6.02"
"6.0116E+15","5332.23","88583.86","6.02"
"5.81686E+11","11541.88","191687.65","6.02"
"5.60881E+11","2513.74","41848.29","6.01"
"6.39024E+11","11148.89","185539.26","6.01"
"4.59929E+15","5785.89","96826.08","5.98"
"4.64289E+12","9299.41","155867.41","5.97"
"4.74288E+18","5945.62","99770.45","5.96"
"1.80081E+14","4364.29","73351.95","5.95"
"3.7493E+14","12266.96","206171.17","5.95"
"6.76314E+11","3572.22","60130.91","5.94"
"3.61539E+13","5533.34","93300.26","5.93"
"3.89477E+13","6069.15","102483.54","5.92"
"3.5239E+15","9278.99","156858.77","5.92"
"2.29116E+15","7722.00","130950.97","5.90"
"3.43464E+14","7662.05","129849.02","5.90"
"3.58926E+15","12118.91","206578.96","5.87"
"4.42878E+18","5571.33","95310.95","5.85"
"6.5022E+15","3774.05","64814.27","5.82"
"4.91719E+15","4376.00","75631.53","5.79"
"6.0111E+15","10008.54","173897.74","5.76"
"3.02906E+13","7249.49","125871.09","5.76"
"4.90063E+12","11167.47","193832.10","5.76"
"2.35628E+15","4356.95","75830.17","5.75"
"3.51753E+15","6394.12","111185.25","5.75"
"2.72089E+15","4908.86","85465.91","5.74"
"6.39077E+11","2087.87","36414.42","5.73"
"3.51138E+15","10726.70","187714.79","5.71"
"5.7386E+11","8775.33","153630.48","5.71"
"3.56418E+15","4792.43","84213.55","5.69"
"3.41546E+14","7189.70","126468.89","5.68"
"4.58766E+18","15855.55","279746.91","5.67"
"4.56155E+12","10755.30","189654.00","5.67"
"6.76195E+11","8236.58","146313.51","5.63"
"6.01163E+15","4681.27","83279.25","5.62"
"4.12803E+15","6760.56","120557.04","5.61"
"4.99626E+15","4037.14","71996.62","5.61"
"3.03284E+13","6891.00","122906.15","5.61"
"3.55968E+15","9810.43","175559.73","5.59"
"6.76369E+11","8431.55","150923.13","5.59"
"2.13186E+14","3655.31","65362.82","5.59"
"6.76299E+11","5768.82","103473.47","5.58"
"4.47432E+15","6789.56","121744.97","5.58"
"3.51487E+15","9149.07","164354.03","5.57"
"4.60707E+15","5535.91","99580.00","5.56"
"3.54116E+15","12795.74","230057.95","5.56"
"4.30816E+15","3604.65","64821.33","5.56"
"3.5983E+15","8862.07","159582.80","5.55"
"6.76102E+11","13524.68","243738.05","5.55"
"4.42815E+15","4230.75","76266.57","5.55"
"3.52055E+15","5366.60","96751.14","5.55"
"3.48379E+14","4547.34","82134.84","5.54"
"5.03848E+11","6640.53","120042.47","5.53"
"3.57628E+15","3592.20","64929.22","5.53"
"4.17069E+15","10659.32","192853.73","5.53"
"6.76234E+11","3377.83","61337.39","5.51"
"4.30248E+15","17556.46","318908.47","5.51"
"5.45678E+15","8555.92","156093.28","5.48"
"4.10316E+12","3553.63","65187.74","5.45"
"4.2205E+18","4387.77","80447.15","5.45"
"6.76276E+11","3793.74","69857.15","5.43"
"6.59674E+15","4858.34","89527.88","5.43"
"1.80067E+14","9117.39","167844.34","5.43"
"4.95258E+15","4642.62","85494.69","5.43"
"3.54757E+15","6621.83","122161.93","5.42"
"4.36401E+15","10064.77","186476.53","5.40"
"4.70899E+15","8090.59","150289.78","5.38"
"3.55865E+15","6717.77","124771.04","5.38"
"6.53965E+15","1975.04","36803.78","5.37"
"4.1781E+15","8961.55","166864.37","5.37"
"3.55055E+15","3272.80","61094.67","5.36"
"3.85443E+13","2861.87","53511.34","5.35"
"2.45408E+15","3553.78","66735.80","5.33"
"1.80047E+14","11838.88","222004.36","5.33"
"3.40103E+14","4535.57","85292.46","5.32"
"3.72246E+14","6525.95","123054.17","5.30"
"2.51231E+15","4422.39","83456.28","5.30"
"3.4506E+14","3970.48","74939.93","5.30"
"3.55482E+15","3451.82","65096.45","5.30"
"6.01192E+15","4493.29","85173.81","5.28"
"6.01135E+15","10248.94","194179.84","5.28"
"5.10481E+15","6123.94","115922.59","5.28"
"4.00605E+12","4301.39","81740.24","5.26"
"3.02704E+13","11316.28","215754.90","5.24"
"2.222E+15","5635.89","107680.94","5.23"
"4.24495E+18","3309.05","63423.77","5.22"
"2.13191E+14","4668.26","90151.23","5.18"
"3.05606E+13","6171.24","119086.42","5.18"
"5.84674E+11","8202.39","158492.01","5.18"
"4.35579E+18","6274.90","121316.13","5.17"
"3.02354E+13","9731.80","188745.39","5.16"
"5.59635E+15","6392.10","123895.11","5.16"
"3.5338E+15","6358.30","123286.69","5.16"
"3.0371E+13","3900.95","75557.51","5.16"
"1.80046E+14","4438.08","86134.68","5.15"
"4.746E+12","14517.74","281903.82","5.15"
"1.80065E+14","12882.10","250682.63","5.14"
"6.53463E+15","10236.77","199461.45","5.13"
"4.18183E+18","9724.80","189726.80","5.13"
"4.59974E+18","4244.99","82774.23","5.13"
"6.30425E+11","11009.85","214803.96","5.13"
"4.23955E+15","6880.62","134383.23","5.12"
"3.51876E+15","5693.12","112364.86","5.07"
"4.87927E+15","3411.48","67367.98","5.06"
"5.50108E+15","6087.58","120234.39","5.06"
"3.78006E+14","3121.87","61827.41","5.05"
"2.72043E+15","9975.13","197693.85","5.05"
"4.66631E+18","3249.42","64541.39","5.03"
"4.06058E+15","6612.35","131358.03","5.03"
"5.81508E+11","3377.14","67135.04","5.03"
"4.95165E+15","7158.74","142282.99","5.03"
"3.01507E+13","5643.92","112095.78","5.03"
"4.78323E+12","5468.52","109219.37","5.01"
"4.15895E+15","6681.74","133452.00","5.01"
"3.50209E+15","8884.69","177657.39","5.00"
"3.71985E+14","3792.10","76043.23","4.99"
"3.71226E+14","9176.38","184081.27","4.98"
"3.01184E+13","7687.78","154392.74","4.98"
"3.8052E+13","7558.17","151634.06","4.98"
"5.45671E+15","3863.74","77902.50","4.96"
"6.50698E+15","5637.14","113844.96","4.95"
"6.51135E+15","5650.42","114162.31","4.95"
"2.13162E+14","5641.82","114230.32","4.94"
"4.98985E+18","5764.24","116950.16","4.93"
"4.7614E+18","5302.77","107487.78","4.93"
"4.21008E+18","5970.98","121214.12","4.93"
"5.71844E+11","6264.63","127090.82","4.93"
"3.44342E+14","5957.35","120742.84","4.93"
"6.52438E+15","4548.69","92433.44","4.92"
"3.0093E+13","5354.04","109127.12","4.91"
"3.75849E+14","5910.87","120692.74","4.90"
"4.16976E+15","6684.53","136499.91","4.90"
"4.22599E+18","4082.60","83355.56","4.90"
"2.13113E+14","6414.41","131047.40","4.89"
"4.65727E+15","4092.87","83655.11","4.89"
"4.5551E+15","3504.75","71674.21","4.89"
"2.23388E+15","5740.47","117517.70","4.88"
"4.12873E+18","7531.64","154450.91","4.88"
"3.54002E+15","3009.52","61732.46","4.88"
"3.78858E+14","4039.88","82991.28","4.87"
"3.00291E+13","7064.38","145324.42","4.86"
"4.67061E+15","3960.14","81643.24","4.85"
"4.7881E+12","4340.51","89491.18","4.85"
"1.80014E+14","4332.88","89426.56","4.85"
"2.29601E+15","5758.44","118710.87","4.85"
"3.04876E+13","3747.48","77401.30","4.84"
"4.92638E+15","8543.52","176372.00","4.84"
"3.53852E+15","5688.16","117471.85","4.84"
"3.52841E+15","5055.10","104751.32","4.83"
"3.50238E+15","5976.01","123907.53","4.82"
"1.80036E+14","8638.08","179726.86","4.81"
"6.51722E+15","7758.17","161139.31","4.81"
"6.76248E+11","4051.95","84558.29","4.79"
"4.65101E+15","3512.25","73482.00","4.78"
"4.39097E+18","4149.12","87018.86","4.77"
"5.03874E+11","9339.86","195684.05","4.77"
"3.02388E+13","10037.40","210634.21","4.77"
"4.49745E+18","5073.59","106614.25","4.76"
"3.51867E+15","7800.94","164013.77","4.76"
"3.04043E+13","5491.24","116403.69","4.72"
"3.5081E+15","3584.71","76010.59","4.72"
"3.76262E+14","4075.14","86317.45","4.72"
"3.74498E+14","7627.50","161536.95","4.72"
"6.76118E+11","3987.05","84552.87","4.72"
"6.54098E+15","3861.01","81742.76","4.72"
"3.82956E+13","6728.70","142711.62","4.71"
"3.51351E+15","3615.71","76749.28","4.71"
"4.34879E+15","3042.90","64543.46","4.71"
"3.59734E+15","3754.79","79824.42","4.70"
"3.5792E+15","2853.95","60696.70","4.70"
"3.56688E+15","5636.38","120139.96","4.69"
"6.0114E+15","6454.02","137878.10","4.68"
"4.99049E+12","7381.50","158125.31","4.67"
"4.58626E+12","7739.93","165885.70","4.67"
"4.90885E+15","16124.02","344938.74","4.67"
"4.65318E+18","2926.78","62679.46","4.67"
"6.01189E+15","15806.18","340219.36","4.65"
"4.14761E+15","7600.67","163374.09","4.65"
"6.76149E+11","3807.38","81870.65","4.65"
"1.80073E+14","5462.38","117350.40","4.65"
"4.11976E+15","5889.88","127013.45","4.64"
"4.95683E+18","8980.03","193566.54","4.64"
"5.71365E+11","10480.67","226498.85","4.63"
"3.57602E+15","6935.77","150259.34","4.62"
"2.71391E+15","5575.10","120766.98","4.62"
"6.01154E+15","6596.40","142776.69","4.62"
"3.40951E+14","8316.20","180246.00","4.61"
"3.85305E+13","7286.37","158173.39","4.61"
"4.01811E+18","3432.93","74645.66","4.60"
"6.01136E+15","3703.19","80602.46","4.59"
"3.85885E+13","6701.93","145941.35","4.59"
"4.18653E+12","5564.11","121249.36","4.59"
"2.25492E+15","8604.97","188046.68","4.58"
"3.5492E+15","5550.33","121377.02","4.57"
"3.0235E+13","8264.71","180827.71","4.57"
"4.37734E+15","6427.26","141364.72","4.55"
"3.53318E+15","3616.61","79697.90","4.54"
"1.80056E+14","3315.33","73585.42","4.51"
"5.01831E+11","3312.51","73432.54","4.51"
"4.48826E+18","5681.20","126080.80","4.51"
"4.65849E+15","7147.77","158777.36","4.50"
"3.74238E+14","3356.25","74540.01","4.50"
"4.06309E+18","3356.18","74936.48","4.48"
"3.54359E+15","8062.51","180078.74","4.48"
"3.56032E+15","6807.93","152000.89","4.48"
"3.5608E+15","9258.41","206840.06","4.48"
"3.54008E+15","6254.86","140572.82","4.45"
"4.32893E+15","7314.70","164666.54","4.44"
"5.65399E+11","2516.52","56756.90","4.43"
"2.13161E+14","11402.72","258112.45","4.42"
"3.52457E+15","7083.66","160579.82","4.41"
"3.51923E+15","3906.85","88787.69","4.40"
"4.51283E+18","9301.76","212119.06","4.39"
"4.95859E+18","5523.21","125924.11","4.39"
"2.13181E+14","6823.57","155719.60","4.38"
"2.13156E+14","5545.35","126479.74","4.38"
"2.65785E+15","3868.55","88448.06","4.37"
"4.56E+18","7716.27","176975.19","4.36"
"4.62945E+15","4149.54","95264.46","4.36"
"4.61006E+15","1897.09","43574.70","4.35"
"2.29745E+15","6956.05","159817.72","4.35"
"4.45237E+15","7515.67","173007.95","4.34"
"6.01155E+15","5619.22","129367.28","4.34"
"2.71221E+15","15179.66","350093.58","4.34"
"4.65388E+15","7003.34","161773.32","4.33"
"60490596305","3914.59","90707.86","4.32"
"2.34825E+15","5618.93","129930.56","4.32"
"3.03433E+13","5021.34","116835.47","4.30"
"3.45934E+14","8955.25","208171.39","4.30"
"4.82666E+15","6938.75","161772.16","4.29"
"3.52567E+15","5442.65","127242.75","4.28"
"3.59293E+15","3591.01","83852.72","4.28"
"4.06998E+15","9438.34","221404.61","4.26"
"4.31137E+18","3215.59","75498.89","4.26"
"4.45144E+15","3874.23","91074.07","4.25"
"3.53374E+15","6379.59","150418.03","4.24"
"4.46746E+18","3487.54","82325.41","4.24"
"6.59597E+15","4911.40","116057.57","4.23"
"6.0115E+15","9004.25","213378.40","4.22"
"3.02489E+13","3278.33","77932.85","4.21"
"3.67214E+13","5047.59","119966.48","4.21"
"4.92271E+15","3597.71","85678.59","4.20"
"6.01186E+15","6486.76","155244.17","4.18"
"4.47684E+12","5405.57","129422.91","4.18"
"5.58056E+15","5128.34","122555.02","4.18"
"1.80043E+14","6024.84","144059.02","4.18"
"4.48243E+15","4745.89","113728.92","4.17"
"2.70319E+15","9562.09","229078.33","4.17"
"4.99773E+15","9504.45","228790.36","4.15"
"2.13155E+14","4953.36","119364.20","4.15"
"4.99235E+18","6833.01","164996.19","4.14"
"3.71284E+14","6319.70","152649.84","4.14"
"4.01E+15","6977.31","168399.50","4.14"
"2.72083E+15","4612.99","111860.63","4.12"
"4.39352E+12","5362.77","130199.35","4.12"
"4.48894E+15","4815.16","117061.91","4.11"
"4.61331E+12","7601.86","185294.88","4.10"
"2.26977E+15","5233.47","128198.78","4.08"
"4.87378E+15","9260.60","227550.03","4.07"
"2.13179E+14","13533.60","332785.00","4.07"
"4.27723E+15","4780.28","117870.36","4.06"
"3.51237E+15","5592.93","137805.45","4.06"
"3.76445E+14","8699.68","215969.69","4.03"
"2.13187E+14","4085.58","101388.40","4.03"
"3.41543E+14","3001.38","74624.56","4.02"
"4.24792E+12","5131.20","127659.94","4.02"
"3.52384E+15","5646.59","141715.58","3.98"
"4.19574E+12","3343.72","84086.29","3.98"
"3.52182E+15","7157.09","179672.05","3.98"
"4.47716E+18","4447.68","111753.72","3.98"
"4.64226E+15","8721.09","219933.06","3.97"
"3.58929E+15","7250.79","184014.71","3.94"
"2.1312E+14","3120.32","79289.32","3.94"
"6.01193E+15","4854.87","123183.13","3.94"
"3.42351E+14","6504.41","165651.22","3.93"
"6.01168E+15","7007.92","178315.37","3.93"
"60422928733","4995.28","126947.51","3.93"
"4.0401E+18","7278.98","186350.63","3.91"
"3.53113E+15","11169.76","287672.20","3.88"
"4.83962E+15","6063.54","156250.72","3.88"
"3.55972E+15","4484.61","116260.22","3.86"
"3.51781E+15","3110.26","80744.86","3.85"
"4.83904E+15","3448.16","89468.62","3.85"
"5.38866E+15","4211.82","109496.87","3.85"
"4.9883E+12","6168.00","160556.48","3.84"
"3.5296E+15","6715.56","175516.95","3.83"
"3.40954E+14","6729.24","177300.00","3.80"
"4.63533E+15","4203.87","110748.07","3.80"
"3.70612E+14","6414.84","169008.94","3.80"
"3.54756E+15","4479.56","117838.91","3.80"
"4.87402E+15","6400.73","168282.08","3.80"
"2.132E+14","4424.58","116678.54","3.79"
"3.49613E+14","7019.40","185693.89","3.78"
"4.31958E+18","6011.29","160372.23","3.75"
"2.13125E+14","4325.98","115443.58","3.75"
"3.01031E+13","3938.33","105084.54","3.75"
"6.01133E+15","5853.64","155943.76","3.75"
"4.71656E+15","7418.02","198965.09","3.73"
"3.56788E+15","5842.02","156941.73","3.72"
"3.58696E+15","4777.18","128821.68","3.71"
"4.29404E+15","3995.73","107581.53","3.71"
"3.55363E+15","7589.70","204948.79","3.70"
"1.80018E+14","5912.11","159984.65","3.70"
"4.0891E+18","6100.28","165046.60","3.70"
"4.43088E+15","5802.21","156848.53","3.70"
"3.47073E+14","4399.88","119306.96","3.69"
"3.59622E+15","8197.86","222093.67","3.69"
"3.00332E+13","4554.89","124114.37","3.67"
"3.77655E+14","4301.72","117512.83","3.66"
"2.2548E+15","5945.62","162465.63","3.66"
"4.68915E+18","4228.01","115694.31","3.65"
"6.3903E+11","4211.73","115512.44","3.65"
"3.52683E+15","5598.91","153552.51","3.65"
"4.6816E+15","10237.14","282688.14","3.62"
"6.01125E+15","3264.45","90792.53","3.60"
"4.22371E+18","8897.17","247647.89","3.59"
"4.57064E+15","4050.13","112701.34","3.59"
"2.28881E+15","5641.51","157292.67","3.59"
"6.39046E+11","4480.81","125115.32","3.58"
"3.56073E+15","5558.27","155115.66","3.58"
"2.13164E+14","4113.94","115418.16","3.56"
"3.02635E+13","4033.55","113761.51","3.55"
"3.51961E+15","4095.88","115235.14","3.55"
"5.13048E+15","4515.60","128253.73","3.52"
"3.73043E+14","4133.62","117420.72","3.52"
"2.13126E+14","3999.93","113952.87","3.51"
"4.19111E+15","5624.26","160467.89","3.50"
"4.93586E+15","6276.38","179663.99","3.49"
"3.76028E+14","8798.06","252019.75","3.49"
"6.012E+15","4442.50","127794.25","3.48"
"4.36538E+15","4255.46","122212.87","3.48"
"4.26578E+15","5577.79","160224.62","3.48"
"3.53581E+15","6319.51","181819.40","3.48"
"4.70787E+15","3881.11","111886.21","3.47"
"2.13175E+14","3897.54","112284.69","3.47"
"6.01137E+15","16595.22","480366.18","3.45"
"4.99811E+15","7986.86","231515.42","3.45"
"4.42434E+15","5741.50","166741.93","3.44"
"4.537E+18","5888.77","171274.11","3.44"
"3.56196E+15","6083.26","176666.80","3.44"
"1.80085E+14","6235.05","181321.73","3.44"
"3.01318E+13","9347.70","272573.44","3.43"
"5.77589E+11","4701.38","137649.94","3.42"
"3.8199E+13","8388.52","245134.30","3.42"
"3.04424E+13","5856.71","171202.78","3.42"
"4.00568E+15","5914.48","173966.92","3.40"
"3.69136E+13","9679.41","285467.54","3.39"
"2.13158E+14","9843.34","291621.00","3.38"
"3.58796E+15","6122.04","181154.79","3.38"
"3.77234E+14","5360.65","158647.21","3.38"
"3.46273E+14","9016.59","267874.24","3.37"
"3.54021E+15","6048.42","180206.96","3.36"
"6.30442E+11","5063.18","150556.00","3.36"
"2.13196E+14","3937.56","117240.55","3.36"
"3.53433E+15","8384.07","250270.29","3.35"
"3.01535E+13","3895.82","116341.74","3.35"
"3.53301E+15","4499.24","134589.35","3.34"
"4.64685E+18","9655.86","288966.74","3.34"
"3.56874E+15","6102.71","182592.49","3.34"
"3.55916E+15","7953.97","239158.66","3.33"
"4.09245E+18","5179.49","156315.96","3.31"
"6.01172E+15","9327.70","281511.06","3.31"
"4.07977E+12","5127.53","154828.96","3.31"
"4.45773E+18","7867.48","238641.44","3.30"
"4.6404E+12","4952.62","150200.94","3.30"
"4.30103E+18","8157.63","248543.11","3.28"
"3.05516E+13","9151.78","278716.79","3.28"
"4.20811E+18","3668.98","112788.39","3.25"
"4.85549E+18","7563.62","232920.12","3.25"
"2.70698E+15","5652.30","174179.78","3.25"
"6.30485E+11","7889.72","243551.44","3.24"
"6.7599E+11","4457.64","138197.86","3.23"
"2.13114E+14","2561.14","79294.46","3.23"
"4.42349E+15","3550.15","109983.97","3.23"
"4.5604E+18","7169.23","222980.98","3.22"
"4.34496E+15","5551.49","172437.68","3.22"
"4.84131E+15","7491.02","233080.59","3.21"
"3.87974E+13","5882.78","183427.96","3.21"
"4.68364E+12","7842.12","244788.04","3.20"
"5.68279E+11","3677.37","114765.64","3.20"
"2.22938E+15","5741.99","179806.49","3.19"
"1.80011E+14","7854.90","247559.35","3.17"
"4.76943E+18","5067.98","159979.46","3.17"
"2.13194E+14","7403.89","234527.69","3.16"
"3.50604E+15","7648.24","243063.39","3.15"
"5.02013E+11","4900.04","156111.06","3.14"
"3.01352E+13","5302.53","168624.09","3.14"
"2.47509E+15","5742.06","184036.28","3.12"
"4.26013E+12","4391.40","141395.11","3.11"
"3.00304E+13","7408.50","239330.05","3.10"
"4.86131E+18","8149.08","263619.40","3.09"
"3.45389E+14","4341.64","141013.99","3.08"
"3.43669E+14","3785.57","122818.38","3.08"
"5.81293E+11","5466.43","178113.73","3.07"
"3.77114E+14","4507.60","146798.64","3.07"
"1.80048E+14","10252.48","333596.16","3.07"
"4.837E+15","10595.95","346501.74","3.06"
"3.4879E+14","4489.81","147651.92","3.04"
"6.01115E+15","7312.76","240781.31","3.04"
"3.01996E+13","8292.87","272918.98","3.04"
"5.61943E+11","5079.10","166813.03","3.04"
"5.67868E+11","8026.60","265211.56","3.03"
"3.58601E+15","8463.27","280194.90","3.02"
"1.80049E+14","7080.81","235320.58","3.01"
"3.75534E+14","7159.08","240520.02","2.98"
"5.71465E+11","6997.92","235173.40","2.98"
"4.5E+12","4714.88","158810.75","2.97"
"4.61005E+15","5310.33","179090.79","2.97"
"3.51823E+15","8354.89","282036.96","2.96"
"3.00268E+13","6888.75","233056.75","2.96"
"5.02038E+11","5323.99","179977.52","2.96"
"2.38346E+15","4522.14","152969.47","2.96"
"3.02305E+13","5283.79","179288.72","2.95"
"6.30469E+11","4589.06","155397.61","2.95"
"1.80031E+14","8436.41","288018.89","2.93"
"3.4232E+14","5074.28","173742.72","2.92"
"3.73905E+14","7971.44","272679.99","2.92"
"3.00747E+13","6605.81","226828.13","2.91"
"6.53889E+15","9778.34","337377.94","2.90"
"3.59074E+15","9845.64","339745.31","2.90"
"4.2929E+18","3835.44","132578.40","2.89"
"3.59822E+15","7852.38","272985.80","2.88"
"1.80068E+14","6282.74","218442.06","2.88"
"6.50612E+15","6699.34","234111.28","2.86"
"3.0176E+13","4417.17","154461.05","2.86"
"4.86229E+12","4080.85","142892.52","2.86"
"4.67173E+15","4408.42","154770.78","2.85"
"3.51362E+15","4143.60","146115.00","2.84"
"3.01974E+13","6336.87","223774.99","2.83"
"3.04282E+13","6846.59","245073.52","2.79"
"3.64859E+13","4937.72","176875.79","2.79"
"3.4471E+14","9580.95","343031.59","2.79"
"6.59325E+15","4492.75","161515.57","2.78"
"4.8097E+12","5956.64","214599.97","2.78"
"6.01144E+15","9831.29","353754.06","2.78"
"4.51424E+15","6079.03","221158.45","2.75"
"3.52142E+15","9155.85","334935.74","2.73"
"4.44953E+15","4284.18","157037.92","2.73"
"3.55122E+15","8808.42","322316.76","2.73"
"4.44637E+15","6400.90","237415.89","2.70"
"2.25206E+15","6261.33","232924.16","2.69"
"2.13142E+14","8957.22","333864.40","2.68"
"6.01111E+15","8808.85","330411.87","2.67"
"3.58364E+15","9066.46","343886.89","2.64"
"3.59312E+15","4149.55","157801.93","2.63"
"4.77707E+15","4662.99","177787.72","2.62"
"3.57643E+15","8471.89","324839.30","2.61"
"1.80094E+14","8972.01","343222.59","2.61"
"4.29493E+12","3870.30","149430.50","2.59"
"3.70877E+14","6880.37","266472.22","2.58"
"2.24874E+15","3784.21","147166.95","2.57"
"3.58704E+15","4678.17","182522.88","2.56"
"3.85805E+13","3951.75","154701.34","2.55"
"4.45195E+15","6061.58","237765.83","2.55"
"3.00443E+13","6816.97","268756.07","2.54"
"3.67227E+13","8059.10","321613.24","2.51"
"3.7252E+14","6771.28","270548.00","2.50"
"4.14924E+15","6027.15","241924.04","2.49"
"4.79263E+18","7860.92","315307.07","2.49"
"2.72001E+15","5783.03","235358.46","2.46"
"2.13174E+14","6106.32","247840.13","2.46"
"3.50097E+15","5606.82","230470.37","2.43"
"4.93998E+15","7650.00","318991.32","2.40"
"2.24254E+15","6228.09","265047.12","2.35"
"4.58681E+15","6361.51","273511.13","2.33"
"3.0273E+13","5943.61","272042.85","2.18"
