cc_num,fraud_pre,fraud_post,fraud_delta
4.72584e+18,0.0,5.78,5.78
4874010000000000.0,0.0,5.61,5.61
675962000000.0,0.0,5.56,5.56
30011500000000.0,0.0,5.5,5.5
676276000000.0,0.0,5.36,5.36
4026220000000.0,0.0,5.34,5.34
6597250000000000.0,0.0,5.3,5.3
570273000000.0,0.0,4.89,4.89
30510900000000.0,0.0,4.76,4.76
3527060000000000.0,0.0,4.64,4.64
38014400000000.0,0.0,4.58,4.58
6011980000000000.0,0.0,4.53,4.53
4335530000000000.0,0.0,4.53,4.53
60495593109.0,0.0,4.49,4.49
378006000000000.0,0.0,4.46,4.46
4103160000000.0,0.0,4.44,4.44
4713460000000000.0,0.0,4.37,4.37
501883000000.0,0.0,4.35,4.35
2454080000000000.0,0.0,4.25,4.25
3530500000000000.0,0.0,4.07,4.07
6593940000000000.0,0.0,3.99,3.99
375237000000000.0,0.0,3.92,3.92
6011480000000000.0,0.0,3.86,3.86
3501370000000000.0,0.0,3.85,3.85
4412720000000000.0,0.0,3.79,3.79
4698160000000000.0,0.0,3.62,3.62
30042400000000.0,0.0,3.56,3.56
4.46204e+18,0.0,3.51,3.51
376944000000000.0,0.0,3.46,3.46
36581500000000.0,0.0,3.45,3.45
3576280000000000.0,0.0,3.42,3.42
377835000000000.0,0.0,3.42,3.42
30570200000000.0,0.0,3.37,3.37
4.24495e+18,0.0,3.37,3.37
3581130000000000.0,0.0,3.37,3.37
3582400000000000.0,0.0,3.35,3.35
346244000000000.0,0.0,3.34,3.34
581508000000.0,0.0,3.21,3.21
4599290000000000.0,0.0,3.19,3.19
560881000000.0,0.0,3.18,3.18
573284000000.0,0.0,3.17,3.17
4228410000000000.0,0.0,3.14,3.14
2714020000000000.0,0.0,3.12,3.12
30434200000000.0,0.0,3.09,3.09
5410060000000000.0,0.0,3.08,3.08
3540020000000000.0,0.0,3.04,3.04
30357400000000.0,0.0,3.02,3.02
4605900000000.0,0.0,3.0,3.0
3579200000000000.0,0.0,2.99,2.99
4767270000000000.0,0.0,2.95,2.95
3577790000000000.0,0.0,2.91,2.91
38859500000000.0,0.0,2.9,2.9
2358120000000000.0,0.0,2.89,2.89
348254000000000.0,0.0,2.88,2.88
3528230000000000.0,0.0,2.83,2.83
4972230000000000.0,0.0,2.8,2.8
4.98985e+18,0.0,2.74,2.74
60487002085.0,0.0,2.72,2.72
30541100000000.0,0.0,2.7,2.7
4561370000000000.0,0.0,2.69,2.69
2222160000000000.0,0.0,2.64,2.64
3500170000000000.0,0.0,2.6,2.6
341543000000000.0,0.0,2.58,2.58
2284060000000000.0,0.0,2.49,2.49
30033200000000.0,0.0,2.45,2.45
3585050000000000.0,0.0,2.42,2.42
343819000000000.0,0.0,2.37,2.37
180046000000000.0,0.0,2.33,2.33
378858000000000.0,0.0,2.26,2.26
4195740000000.0,0.0,2.25,2.25
30487600000000.0,0.0,2.24,2.24
30491300000000.0,0.0,2.23,2.23
3543300000000000.0,0.0,2.2,2.2
30376200000000.0,0.0,2.19,2.19
3513510000000000.0,0.0,2.19,2.19
4740710000000000.0,0.0,2.16,2.16
4509920000000000.0,0.0,2.15,2.15
4.42878e+18,0.0,2.15,2.15
4518350000000000.0,0.0,2.15,2.15
30546500000000.0,0.0,2.14,2.14
4961000000000000.0,0.0,2.11,2.11
3533180000000000.0,0.0,2.09,2.09
3525670000000000.0,0.0,2.08,2.08
639046000000.0,0.0,2.03,2.03
3560340000000000.0,0.0,2.02,2.02
4561890000000.0,0.0,2.01,2.01
341283000000000.0,0.0,1.95,1.95
4129770000000000.0,0.0,1.92,1.92
371034000000000.0,0.0,1.9,1.9
3586960000000000.0,0.0,1.88,1.88
6596740000000000.0,0.0,1.87,1.87
4657270000000000.0,0.0,1.87,1.87
4306590000000000.0,0.0,1.86,1.86
370612000000000.0,0.0,1.82,1.82
3564180000000000.0,0.0,1.81,1.81
6506980000000000.0,0.0,1.8,1.8
4.22599e+18,0.0,1.79,1.79
4.7614e+18,0.0,1.77,1.77
213103000000000.0,0.0,1.73,1.73
4.71083e+18,0.0,1.72,1.72
4481130000000.0,0.0,1.71,1.71
4710790000000000.0,0.0,1.67,1.67
3563840000000000.0,0.0,1.67,1.67
370349000000000.0,0.0,1.67,1.67
4607070000000000.0,0.0,1.66,1.66
372382000000000.0,0.0,1.63,1.63
349613000000000.0,0.0,1.62,1.62
4.06309e+18,0.0,1.62,1.62
4725670000000000.0,0.0,1.57,1.57
4195830000000000.0,0.0,1.57,1.57
571844000000.0,0.0,1.54,1.54
376657000000000.0,0.0,1.54,1.54
2229380000000000.0,0.0,1.54,1.54
4807550000000.0,0.0,1.53,1.53
5456710000000000.0,0.0,1.53,1.53
3587040000000000.0,0.0,1.53,1.53
4104310000000000.0,0.0,1.52,1.52
501831000000.0,0.0,1.52,1.52
30560600000000.0,0.0,1.45,1.45
180040000000000.0,2.54,3.99,1.45
3501940000000000.0,0.0,1.43,1.43
213181000000000.0,0.0,1.43,1.43
4839040000000000.0,0.0,1.43,1.43
377550000000000.0,0.0,1.42,1.42
6554250000000000.0,0.0,1.41,1.41
4586260000000.0,0.0,1.4,1.4
4471570000000.0,0.0,1.4,1.4
375975000000000.0,0.0,1.39,1.39
3597930000000000.0,0.0,1.39,1.39
2475090000000000.0,0.0,1.38,1.38
3551510000000000.0,0.0,1.34,1.34
375083000000000.0,0.0,1.33,1.33
6011490000000000.0,0.0,1.32,1.32
30242900000000.0,0.0,1.32,1.32
3573390000000000.0,0.0,1.32,1.32
4505380000000.0,0.0,1.31,1.31
213161000000000.0,0.0,1.3,1.3
4427810000000.0,0.0,1.29,1.29
343669000000000.0,0.0,1.29,1.29
3591920000000000.0,0.0,1.29,1.29
374125000000000.0,0.0,1.28,1.28
6595970000000000.0,0.0,1.28,1.28
376013000000000.0,0.0,1.27,1.27
6573560000000000.0,0.0,1.26,1.26
2297450000000000.0,0.0,1.26,1.26
4119760000000000.0,0.0,1.26,1.26
30290600000000.0,0.0,1.25,1.25
676314000000.0,0.0,1.25,1.25
375534000000000.0,0.0,1.2,1.2
4.5604e+18,0.0,1.19,1.19
3534330000000000.0,0.0,1.19,1.19
4.37926e+18,0.0,1.18,1.18
4623560000000.0,0.0,1.18,1.18
676282000000.0,0.0,1.17,1.17
4.22371e+18,0.0,1.17,1.17
6544730000000000.0,0.0,1.16,1.16
676174000000.0,0.0,1.16,1.16
30199600000000.0,0.0,1.16,1.16
343746000000000.0,0.0,1.16,1.16
38544300000000.0,0.0,1.16,1.16
30197400000000.0,0.0,1.15,1.15
6564460000000000.0,0.0,1.15,1.15
3524570000000000.0,0.0,1.14,1.14
4988300000000.0,0.0,1.14,1.14
676369000000.0,0.0,1.13,1.13
38530500000000.0,0.0,1.13,1.13
4198470000000.0,0.0,1.13,1.13
6012000000000000.0,0.0,1.12,1.12
30235300000000.0,0.0,1.12,1.12
2268220000000000.0,0.0,1.12,1.12
2713910000000000.0,0.0,1.11,1.11
378905000000000.0,0.0,1.11,1.11
3514900000000000.0,0.0,1.1,1.1
583699000000.0,0.0,1.1,1.1
30029100000000.0,0.0,1.09,1.09
4658490000000000.0,0.0,1.09,1.09
6011920000000000.0,0.0,1.08,1.08
3514870000000000.0,0.0,1.08,1.08
4653880000000000.0,0.0,1.07,1.07
4.18183e+18,0.0,1.06,1.06
4997730000000000.0,0.0,1.05,1.05
4.29274e+18,0.0,1.05,1.05
374498000000000.0,0.0,1.04,1.04
4229730000000000.0,0.0,1.04,1.04
4.7973e+18,0.0,1.04,1.04
213112000000000.0,0.0,1.03,1.03
6538440000000000.0,0.0,1.02,1.02
3535810000000000.0,0.0,1.02,1.02
344342000000000.0,0.0,1.02,1.02
2703190000000000.0,0.0,1.02,1.02
4476840000000.0,0.0,1.01,1.01
6538890000000000.0,0.0,1.01,1.01
30093000000000.0,0.0,1.01,1.01
4935860000000000.0,0.0,1.01,1.01
6534630000000000.0,0.0,0.97,0.97
4099710000000000.0,0.0,0.97,0.97
4904680000000000.0,0.0,0.97,0.97
376445000000000.0,0.0,0.96,0.96
577589000000.0,0.0,0.94,0.94
3598300000000000.0,0.0,0.94,0.94
371985000000000.0,0.0,0.94,0.94
4874020000000000.0,0.0,0.93,0.93
2233880000000000.0,0.0,0.93,0.93
3589260000000000.0,0.0,0.92,0.92
30270400000000.0,0.0,0.91,0.91
3596220000000000.0,0.0,0.9,0.9
345389000000000.0,0.0,0.89,0.89
180048000000000.0,0.0,0.89,0.89
4066600000000.0,0.0,0.88,0.88
3586010000000000.0,0.0,0.88,0.88
4727240000000000.0,0.0,0.88,0.88
4.51283e+18,0.0,0.87,0.87
213200000000000.0,0.0,0.87,0.87
30267000000000.0,0.0,0.87,0.87
3545110000000000.0,0.0,0.86,0.86
4173950000000000.0,0.0,0.85,0.85
30235400000000.0,0.0,0.84,0.84
4.90663e+18,0.0,0.84,0.84
3540080000000000.0,0.0,0.84,0.84
6011400000000000.0,0.0,0.83,0.83
4.95859e+18,0.0,0.81,0.81
3593120000000000.0,0.0,0.79,0.79
630469000000.0,0.0,0.78,0.78
30238800000000.0,0.0,0.78,0.78
180011000000000.0,0.0,0.77,0.77
4170690000000000.0,0.0,0.76,0.76
374930000000000.0,0.0,0.76,0.76
377027000000000.0,0.0,0.75,0.75
4634960000000000.0,0.0,0.75,0.75
4509140000000000.0,0.0,0.75,0.75
3583790000000000.0,0.0,0.75,0.75
213157000000000.0,0.0,0.72,0.72
342952000000000.0,0.0,0.72,0.72
4716560000000000.0,0.0,0.71,0.71
3596360000000000.0,0.0,0.7,0.7
4.86131e+18,0.0,0.68,0.68
2235610000000000.0,0.0,0.65,0.65
4423490000000000.0,0.0,0.65,0.65
4.64685e+18,0.0,0.62,0.62
4003990000000000.0,0.0,0.62,0.62
4005680000000000.0,0.0,0.61,0.61
2286240000000000.0,0.0,0.6,0.6
4570640000000000.0,0.0,0.57,0.57
3577580000000000.0,0.0,0.57,0.57
4755700000000.0,0.0,0.55,0.55
6011100000000000.0,0.0,0.54,0.54
3589290000000000.0,0.0,0.52,0.52
4169390000000.0,0.0,0.51,0.51
372509000000000.0,0.0,0.5,0.5
4981130000000.0,0.0,0.5,0.5
4671730000000000.0,0.0,0.48,0.48
30551600000000.0,0.0,0.47,0.47
630423000000.0,0.0,0.44,0.44
6011390000000000.0,0.27,0.69,0.42
2254800000000000.0,0.0,0.38,0.38
3546670000000000.0,0.0,0.38,0.38
36913600000000.0,0.0,0.37,0.37
2712210000000000.0,0.0,0.32,0.32
4.5031e+18,0.0,0.26,0.26
4514240000000000.0,0.0,0.19,0.19
3560730000000000.0,0.0,0.19,0.19
3518230000000000.0,0.0,0.16,0.16
213113000000000.0,0.72,0.88,0.16
6011890000000000.0,0.0,0.13,0.13
6011150000000000.0,0.72,0.77,0.05
3538520000000000.0,0.0,0.0,0.0
4010000000000000.0,0.0,0.0,0.0
3559720000000000.0,0.0,0.0,0.0
3560320000000000.0,0.0,0.0,0.0
30343300000000.0,0.0,0.0,0.0
3598010000000000.0,0.0,0.0,0.0
3560700000000000.0,0.0,0.0,0.0
639096000000.0,0.0,0.0,0.0
30153500000000.0,0.0,0.0,0.0
30176000000000.0,0.0,0.0,0.0
2280870000000000.0,0.0,0.0,0.0
30446000000000.0,0.0,0.0,0.0
3561210000000000.0,0.0,0.0,0.0
639077000000.0,0.0,0.0,0.0
2285070000000000.0,0.0,0.0,0.0
30150700000000.0,0.0,0.0,0.0
2229820000000000.0,0.0,0.0,0.0
2231190000000000.0,0.0,0.0,0.0
3592330000000000.0,0.0,0.0,0.0
4.98032e+18,0.0,0.0,0.0
4158760000000000.0,0.0,0.0,0.0
30143500000000.0,0.0,0.0,0.0
3549200000000000.0,0.0,0.0,0.0
4147610000000000.0,0.0,0.0,0.0
4.31137e+18,0.0,0.0,0.0
4.40001e+18,0.0,0.0,0.0
4.41058e+18,0.0,0.0,0.0
4873780000000000.0,0.0,0.0,0.0
4.50254e+18,0.0,0.0,0.0
379141000000000.0,0.0,0.0,0.0
379897000000000.0,0.0,0.0,0.0
2222000000000000.0,0.0,0.0,0.0
675946000000.0,0.0,0.0,0.0
3558650000000000.0,0.0,0.0,0.0
2224100000000000.0,0.0,0.0,0.0
3559160000000000.0,0.0,0.0,0.0
4.85549e+18,0.0,0.0,0.0
3568260000000000.0,0.0,0.0,0.0
5501080000000000.0,0.0,0.0,0.0
2296010000000000.0,0.0,0.0,0.0
3577600000000000.0,0.0,0.0,0.0
3565410000000000.0,0.0,0.0,0.0
3502090000000000.0,0.0,0.0,0.0
3566000000000000.0,0.0,0.0,0.0
3504180000000000.0,0.0,0.0,0.0
3506590000000000.0,0.0,0.0,0.0
3576140000000000.0,0.0,0.0,0.0
3521820000000000.0,0.0,0.0,0.0
3576020000000000.0,0.0,0.0,0.0
3513290000000000.0,0.0,0.0,0.0
6011250000000000.0,0.0,0.0,0.0
6011330000000000.0,0.0,0.0,0.0
567868000000.0,0.0,0.0,0.0
3573030000000000.0,0.0,0.0,0.0
3566880000000000.0,0.0,0.0,0.0
3572980000000000.0,0.0,0.0,0.0
3567700000000000.0,0.0,0.0,0.0
580954000000.0,0.0,0.0,0.0
4.662e+18,0.0,0.0,0.0
4.65318e+18,0.0,0.0,0.0
4.81079e+18,0.0,0.0,0.0
4.537e+18,0.0,0.0,0.0
3568740000000000.0,0.0,0.0,0.0
2318060000000000.0,0.0,0.0,0.0
4.58493e+18,0.0,0.0,0.0
4.81084e+18,0.0,0.0,0.0
630425000000.0,0.0,0.0,0.0
2576710000000000.0,0.0,0.0,0.0
3583640000000000.0,0.0,0.0,0.0
565399000000.0,0.0,0.0,0.0
30408300000000.0,0.0,0.0,0.0
2706980000000000.0,0.0,0.0,0.0
3583290000000000.0,0.0,0.0,0.0
3528410000000000.0,0.0,0.0,0.0
3582750000000000.0,0.0,0.0,0.0
3527540000000000.0,0.0,0.0,0.0
4158950000000000.0,0.0,0.0,0.0
3531610000000000.0,0.0,0.0,0.0
180018000000000.0,0.0,0.0,0.0
4.46978e+18,0.0,0.0,0.0
6592860000000000.0,0.0,0.0,0.0
6539650000000000.0,0.0,0.0,0.0
4640400000000.0,0.0,0.0,0.0
342320000000000.0,0.0,0.0,0.0
676373000000.0,0.0,0.0,0.0
4900630000000.0,0.0,0.0,0.0
4562830000000.0,0.0,0.0,0.0
4777070000000000.0,0.0,0.0,0.0
4538570000000.0,0.0,0.0,0.0
36722700000000.0,0.0,0.0,0.0
348379000000000.0,0.0,0.0,0.0
4501450000000000.0,0.0,0.0,0.0
4482430000000000.0,0.0,0.0,0.0
4986930000000000.0,0.0,0.0,0.0
345832000000000.0,0.0,0.0,0.0
4914700000000000.0,0.0,0.0,0.0
4452370000000000.0,0.0,0.0,0.0
5289290000000000.0,0.0,0.0,0.0
4433090000000000.0,0.0,0.0,0.0
36890300000000.0,0.0,0.0,0.0
213199000000000.0,0.0,0.0,0.0
6535330000000000.0,0.0,0.0,0.0
4610060000000000.0,0.0,0.0,0.0
213107000000000.0,0.0,0.0,0.0
6526450000000000.0,0.0,0.0,0.0
4708990000000000.0,0.0,0.0,0.0
4783230000000.0,0.0,0.0,0.0
4681600000000000.0,0.0,0.0,0.0
213153000000000.0,0.0,0.0,0.0
213155000000000.0,0.0,0.0,0.0
4951650000000000.0,0.0,0.0,0.0
4969860000000000.0,0.0,0.0,0.0
213164000000000.0,0.0,0.0,0.0
4651010000000000.0,0.0,0.0,0.0
213175000000000.0,0.0,0.0,0.0
30026800000000.0,0.0,0.0,0.0
4746000000000.0,0.0,0.0,0.0
180073000000000.0,0.0,0.0,0.0
213186000000000.0,0.0,0.0,0.0
213191000000000.0,0.0,0.0,0.0
4425160000000000.0,0.0,0.0,0.0
6515070000000000.0,0.0,0.0,0.0
36078100000000.0,0.0,0.0,0.0
4344960000000000.0,0.0,0.0,0.0
30263500000000.0,0.0,0.0,0.0
30103100000000.0,0.0,0.0,0.0
4841310000000000.0,0.0,0.0,0.0
375248000000000.0,0.0,0.0,0.0
4.20811e+18,0.0,0.0,0.0
5388660000000000.0,0.0,0.0,0.0
4334230000000000.0,0.0,0.0,0.0
4179720000000000.0,0.0,0.0,0.0
4178100000000000.0,0.0,0.0,0.0
4.0891e+18,0.0,0.0,0.0
4239440000000.0,0.0,0.0,0.0
5359540000000000.0,0.0,0.0,0.0
374822000000000.0,0.0,0.0,0.0
4957920000000.0,0.0,0.0,0.0
4.12873e+18,0.0,0.0,0.0
4.0401e+18,0.0,0.0,0.0
4260000000000.0,0.0,0.0,0.0
4.04504e+18,0.0,0.0,0.0
348790000000000.0,0.0,0.0,0.0
4440580000000.0,0.0,0.0,0.0
4.2205e+18,0.0,0.0,0.0
6011720000000000.0,0.0,0.0,0.0
4171400000000000.0,0.0,0.0,0.0
4384910000000000.0,0.0,0.0,0.0
4186530000000.0,0.0,0.0,0.0
3576430000000000.0,0.09,0.0,-0.09
6011110000000000.0,0.09,0.0,-0.09
4809700000000.0,0.14,0.0,-0.14
213142000000000.0,0.14,0.0,-0.14
3566090000000000.0,0.14,0.0,-0.14
4908850000000000.0,0.14,0.0,-0.14
3551220000000000.0,0.14,0.0,-0.14
346273000000000.0,0.16,0.0,-0.16
180094000000000.0,0.18,0.0,-0.18
4837000000000000.0,0.19,0.0,-0.19
4069980000000000.0,0.2,0.0,-0.2
4.79263e+18,0.22,0.0,-0.22
4.58766e+18,0.25,0.0,-0.25
4862290000000.0,0.26,0.0,-0.26
3521420000000000.0,0.27,0.0,-0.27
213179000000000.0,0.27,0.0,-0.27
3546900000000000.0,0.27,0.0,-0.27
3513620000000000.0,0.28,0.0,-0.28
630442000000.0,0.28,0.0,-0.28
372520000000000.0,0.29,0.0,-0.29
30518200000000.0,0.95,0.64,-0.31
6011500000000000.0,0.31,0.0,-0.31
38580500000000.0,0.32,0.0,-0.32
180047000000000.0,0.92,0.59,-0.33
6011860000000000.0,0.33,0.0,-0.33
3564840000000000.0,0.34,0.0,-0.34
5456780000000000.0,0.34,0.0,-0.34
2248740000000000.0,0.34,0.0,-0.34
6511350000000000.0,0.35,0.0,-0.35
370877000000000.0,0.36,0.0,-0.36
6011650000000000.0,0.36,0.0,-0.36
3590740000000000.0,0.36,0.0,-0.36
4681700000000.0,0.37,0.0,-0.37
30235000000000.0,0.38,0.0,-0.38
3598220000000000.0,0.39,0.0,-0.39
676102000000.0,0.39,0.0,-0.39
3553630000000000.0,0.4,0.0,-0.4
30273000000000.0,0.4,0.0,-0.4
584674000000.0,0.41,0.0,-0.41
6011370000000000.0,0.43,0.0,-0.43
4464460000000.0,0.44,0.0,-0.44
30328400000000.0,0.44,0.0,-0.44
571365000000.0,0.44,0.0,-0.44
4561550000000.0,0.44,0.0,-0.44
342351000000000.0,0.45,0.0,-0.45
630452000000.0,0.45,0.0,-0.45
4.68915e+18,0.45,0.0,-0.45
3533010000000000.0,0.46,0.0,-0.46
30118400000000.0,0.47,0.0,-0.47
30407700000000.0,0.47,0.0,-0.47
180085000000000.0,1.02,0.55,-0.47
3525590000000000.0,0.47,0.0,-0.47
377114000000000.0,0.47,0.0,-0.47
3560800000000000.0,0.48,0.0,-0.48
4377340000000000.0,0.48,0.0,-0.48
2264940000000000.0,0.48,0.0,-0.48
4586810000000000.0,0.49,0.0,-0.49
3575790000000000.0,0.49,0.0,-0.49
503874000000.0,0.49,0.0,-0.49
345934000000000.0,0.49,0.0,-0.49
4149640000000.0,0.49,0.0,-0.49
213120000000000.0,0.51,0.0,-0.51
4.95683e+18,0.52,0.0,-0.52
4839620000000000.0,0.52,0.0,-0.52
6593250000000000.0,0.52,0.0,-0.52
4.99235e+18,0.52,0.0,-0.52
36485900000000.0,0.52,0.0,-0.52
4.31958e+18,0.53,0.0,-0.53
4155020000000000.0,0.53,0.0,-0.53
2254920000000000.0,0.53,0.0,-0.53
180036000000000.0,0.53,0.0,-0.53
581686000000.0,0.53,0.0,-0.53
3533740000000000.0,0.53,0.0,-0.53
4939980000000000.0,0.54,0.0,-0.54
2252060000000000.0,0.54,0.0,-0.54
213194000000000.0,0.54,0.0,-0.54
4642260000000000.0,0.54,0.0,-0.54
4707870000000000.0,0.54,0.0,-0.54
180043000000000.0,0.54,0.0,-0.54
38588500000000.0,0.54,0.0,-0.54
376028000000000.0,0.54,0.0,-0.54
630485000000.0,0.54,0.0,-0.54
3523900000000000.0,0.55,0.0,-0.55
4474320000000000.0,0.55,0.0,-0.55
676195000000.0,0.55,0.0,-0.55
4277230000000000.0,0.55,0.0,-0.55
213125000000000.0,0.55,0.0,-0.55
2720010000000000.0,0.55,0.0,-0.55
3512370000000000.0,0.56,0.0,-0.56
30561200000000.0,0.58,0.0,-0.58
3541160000000000.0,0.59,0.0,-0.59
3543590000000000.0,0.59,0.0,-0.59
38052000000000.0,0.59,0.0,-0.59
6011350000000000.0,0.59,0.0,-0.59
3501510000000000.0,0.59,0.0,-0.59
4149240000000000.0,0.59,0.0,-0.59
3511380000000000.0,0.6,0.0,-0.6
4998110000000000.0,0.6,0.0,-0.6
4683640000000.0,0.6,0.0,-0.6
6011680000000000.0,0.61,0.0,-0.61
30030400000000.0,0.61,0.0,-0.61
4328930000000000.0,0.61,0.0,-0.61
2266740000000000.0,0.61,0.0,-0.61
30428200000000.0,0.62,0.0,-0.62
4.76943e+18,0.62,0.0,-0.62
6011440000000000.0,0.62,0.0,-0.62
3547560000000000.0,0.62,0.0,-0.62
4191110000000000.0,0.62,0.0,-0.62
4342530000000000.0,0.63,0.0,-0.63
344710000000000.0,0.63,0.0,-0.63
501803000000.0,0.63,0.0,-0.63
2288810000000000.0,0.63,0.0,-0.63
5152050000000000.0,0.63,0.0,-0.63
340954000000000.0,0.64,0.0,-0.64
213127000000000.0,0.64,0.0,-0.64
38947700000000.0,0.64,0.0,-0.64
30131800000000.0,0.64,0.0,-0.64
5540640000000000.0,0.65,0.0,-0.65
377655000000000.0,0.65,0.0,-0.65
4642890000000.0,0.65,0.0,-0.65
30044300000000.0,0.65,0.0,-0.65
3595190000000000.0,0.65,0.0,-0.65
4.74288e+18,0.65,0.0,-0.65
180081000000000.0,0.67,0.0,-0.67
4302480000000000.0,0.67,0.0,-0.67
4826660000000000.0,0.67,0.0,-0.67
502050000000.0,0.67,0.0,-0.67
4.01811e+18,0.67,0.0,-0.67
373905000000000.0,0.68,0.0,-0.68
4265780000000000.0,0.68,0.0,-0.68
6597890000000000.0,0.68,0.0,-0.68
4449530000000000.0,0.68,0.0,-0.68
4364010000000000.0,0.69,0.0,-0.69
4917190000000000.0,0.69,0.0,-0.69
4.56e+18,0.7,0.0,-0.7
2283740000000000.0,0.7,0.0,-0.7
4378990000000000.0,0.7,0.0,-0.7
3531130000000000.0,0.7,0.0,-0.7
2720430000000000.0,0.7,0.0,-0.7
573860000000.0,0.71,0.0,-0.71
4683520000000000.0,0.71,0.0,-0.71
6011540000000000.0,0.71,0.0,-0.71
3585740000000000.0,0.72,0.0,-0.72
374656000000000.0,0.72,0.0,-0.72
4247920000000.0,0.72,0.0,-0.72
501899000000.0,0.72,0.0,-0.72
4610050000000000.0,0.72,0.0,-0.72
213196000000000.0,0.73,0.0,-0.73
6517220000000000.0,0.73,0.0,-0.73
375768000000000.0,0.73,0.0,-0.73
343464000000000.0,0.73,0.0,-0.73
2242540000000000.0,0.73,0.0,-0.73
4979420000000000.0,0.74,0.0,-0.74
4.102e+18,0.74,0.0,-0.74
4.89042e+18,0.74,0.0,-0.74
4.45773e+18,0.74,0.0,-0.74
4613310000000.0,0.74,0.0,-0.74
4079770000000.0,0.75,0.0,-0.75
4169760000000000.0,0.75,0.0,-0.75
3529600000000000.0,0.75,0.0,-0.75
213158000000000.0,0.75,0.0,-0.75
213148000000000.0,0.75,0.0,-0.75
180031000000000.0,0.75,0.0,-0.75
4.2929e+18,0.75,0.0,-0.75
639024000000.0,0.76,0.0,-0.76
3526830000000000.0,0.76,0.0,-0.76
30404300000000.0,0.76,0.0,-0.76
502038000000.0,0.77,0.0,-0.77
213162000000000.0,0.78,0.0,-0.78
377993000000000.0,0.79,0.0,-0.79
4428150000000000.0,0.79,0.0,-0.79
30082000000000.0,0.79,0.0,-0.79
4060580000000000.0,0.79,0.0,-0.79
6011690000000000.0,0.8,0.0,-0.8
375905000000000.0,0.8,0.0,-0.8
180067000000000.0,0.8,0.0,-0.8
4.48826e+18,0.8,0.0,-0.8
180049000000000.0,0.8,0.0,-0.8
4239550000000000.0,0.81,0.0,-0.81
6547670000000000.0,0.81,0.0,-0.81
4.09245e+18,0.81,0.0,-0.81
371226000000000.0,0.81,0.0,-0.81
60416207185.0,0.81,0.0,-0.81
3518760000000000.0,0.81,0.0,-0.81
4.73685e+18,0.82,0.0,-0.82
4450830000000000.0,0.82,0.0,-0.82
3587960000000000.0,0.82,0.0,-0.82
38057500000000.0,0.83,0.0,-0.83
571465000000.0,0.83,0.0,-0.83
38199000000000.0,0.85,0.0,-0.85
4451440000000000.0,0.86,0.0,-0.86
4.22622e+18,0.86,0.0,-0.86
2305340000000000.0,0.86,0.0,-0.86
3556610000000000.0,0.86,0.0,-0.86
4500000000000.0,0.87,0.0,-0.87
2269770000000000.0,0.87,0.0,-0.87
3552580000000000.0,0.87,0.0,-0.87
561943000000.0,0.87,0.0,-0.87
371284000000000.0,0.88,0.0,-0.88
3518670000000000.0,0.88,0.0,-0.88
377234000000000.0,0.88,0.0,-0.88
5596350000000000.0,0.89,0.0,-0.89
180065000000000.0,0.89,0.0,-0.89
3540210000000000.0,0.89,0.0,-0.89
3500970000000000.0,0.89,0.0,-0.89
38797400000000.0,0.9,0.0,-0.9
213114000000000.0,0.91,0.0,-0.91
6528910000000000.0,0.91,0.0,-0.91
4990490000000.0,0.92,0.0,-0.92
340103000000000.0,0.92,0.0,-0.92
3554850000000000.0,0.93,0.0,-0.93
4.30103e+18,0.94,0.0,-0.94
4446370000000000.0,0.94,0.0,-0.94
4587580000000000.0,0.94,0.0,-0.94
4.49791e+18,0.94,0.0,-0.94
4424340000000000.0,0.95,0.0,-0.95
4128030000000000.0,0.95,0.0,-0.95
38295600000000.0,0.95,0.0,-0.95
6011360000000000.0,0.95,0.0,-0.95
4996260000000000.0,0.95,0.0,-0.95
4451950000000000.0,0.95,0.0,-0.95
4.49745e+18,0.96,0.0,-0.96
2348250000000000.0,0.96,0.0,-0.96
372246000000000.0,0.96,0.0,-0.96
4430880000000000.0,0.96,0.0,-0.96
6592240000000000.0,0.96,0.0,-0.96
370819000000000.0,0.96,0.0,-0.96
30230500000000.0,0.96,0.0,-0.96
4.71574e+18,0.96,0.0,-0.96
30135200000000.0,0.97,0.0,-0.97
3561960000000000.0,0.97,0.0,-0.97
4800400000000000.0,0.97,0.0,-0.97
3523840000000000.0,0.97,0.0,-0.97
213126000000000.0,0.97,0.0,-0.97
4294930000000.0,0.98,0.0,-0.98
6506120000000000.0,0.98,0.0,-0.98
340951000000000.0,0.98,0.0,-0.98
371009000000000.0,0.98,0.0,-0.98
375849000000000.0,0.98,0.0,-0.98
2383460000000000.0,0.98,0.0,-0.98
4070510000000000.0,0.98,0.0,-0.98
675990000000.0,0.99,0.0,-0.99
502013000000.0,0.99,0.0,-0.99
30501600000000.0,0.99,0.0,-0.99
3502380000000000.0,1.0,0.0,-1.0
3567880000000000.0,1.0,0.0,-1.0
581293000000.0,1.01,0.0,-1.01
676299000000.0,1.01,0.0,-1.01
4550600000000000.0,1.02,0.0,-1.02
30181400000000.0,1.04,0.0,-1.04
503848000000.0,1.05,0.0,-1.05
30427000000000.0,1.05,0.0,-1.05
6540980000000000.0,1.05,0.0,-1.05
4.47716e+18,1.05,0.0,-1.05
4.2554e+18,1.05,0.0,-1.05
639030000000.0,1.05,0.0,-1.05
3519610000000000.0,1.06,0.0,-1.06
60422928733.0,1.06,0.0,-1.06
30364100000000.0,1.06,0.0,-1.06
4635330000000000.0,1.06,0.0,-1.06
4220350000000.0,1.07,0.0,-1.07
30074700000000.0,1.07,0.0,-1.07
4306630000000.0,1.07,0.0,-1.07
180056000000000.0,1.07,0.0,-1.07
2291160000000000.0,1.07,0.0,-1.07
378279000000000.0,1.08,0.0,-1.08
4.46746e+18,1.08,0.0,-1.08
213174000000000.0,1.08,0.0,-1.08
4670610000000000.0,1.08,0.0,-1.08
5104810000000000.0,1.09,0.0,-1.09
4.39097e+18,1.09,0.0,-1.09
4025610000000000.0,1.09,0.0,-1.09
4658120000000.0,1.09,0.0,-1.09
6011600000000000.0,1.09,0.0,-1.09
343473000000000.0,1.09,0.0,-1.09
4585130000000.0,1.09,0.0,-1.09
4.59974e+18,1.1,0.0,-1.1
4.35579e+18,1.11,0.0,-1.11
4788100000000.0,1.12,0.0,-1.12
5559860000000000.0,1.12,0.0,-1.12
568279000000.0,1.15,0.0,-1.15
3559680000000000.0,1.15,0.0,-1.15
347073000000000.0,1.16,0.0,-1.16
4067140000000000.0,1.17,0.0,-1.17
3558880000000000.0,1.17,0.0,-1.17
4878360000000000.0,1.18,0.0,-1.18
376262000000000.0,1.18,0.0,-1.18
676248000000.0,1.18,0.0,-1.18
373043000000000.0,1.18,0.0,-1.18
3565420000000000.0,1.18,0.0,-1.18
180068000000000.0,1.19,0.0,-1.19
3533800000000000.0,1.19,0.0,-1.19
30344700000000.0,1.19,0.0,-1.19
345060000000000.0,1.19,0.0,-1.19
180069000000000.0,1.2,0.0,-1.2
4.31213e+18,1.2,0.0,-1.2
180017000000000.0,1.21,0.0,-1.21
4003770000000000.0,1.21,0.0,-1.21
4.35814e+18,1.21,0.0,-1.21
30248900000000.0,1.22,0.0,-1.22
6011310000000000.0,1.22,0.0,-1.22
3592930000000000.0,1.22,0.0,-1.22
3547570000000000.0,1.23,0.0,-1.23
3597340000000000.0,1.23,0.0,-1.23
30442400000000.0,1.24,0.0,-1.24
3506040000000000.0,1.24,0.0,-1.24
4048510000000000.0,1.25,0.0,-1.25
30371000000000.0,1.26,0.0,-1.26
3517530000000000.0,1.26,0.0,-1.26
4.97353e+18,1.28,0.0,-1.28
6011230000000000.0,1.29,0.0,-1.29
36153900000000.0,1.3,0.0,-1.3
341546000000000.0,1.31,0.0,-1.31
630426000000.0,1.31,0.0,-1.31
4294040000000000.0,1.31,0.0,-1.31
4926380000000000.0,1.31,0.0,-1.31
3595110000000000.0,1.32,0.0,-1.32
2356280000000000.0,1.32,0.0,-1.32
6011630000000000.0,1.32,0.0,-1.32
2657850000000000.0,1.33,0.0,-1.33
6550400000000000.0,1.33,0.0,-1.33
676310000000.0,1.33,0.0,-1.33
4822370000000000.0,1.33,0.0,-1.33
4393520000000.0,1.33,0.0,-1.33
36721400000000.0,1.34,0.0,-1.34
60490596305.0,1.34,0.0,-1.34
3534720000000000.0,1.34,0.0,-1.34
5580560000000000.0,1.35,0.0,-1.35
2720830000000000.0,1.35,0.0,-1.35
4.21008e+18,1.35,0.0,-1.35
2256230000000000.0,1.36,0.0,-1.36
3566370000000000.0,1.37,0.0,-1.37
6011930000000000.0,1.37,0.0,-1.37
4006050000000.0,1.38,0.0,-1.38
4682740000000000.0,1.38,0.0,-1.38
30360300000000.0,1.39,0.0,-1.39
4952580000000000.0,1.4,0.0,-1.4
2512310000000000.0,1.41,0.0,-1.41
30143700000000.0,1.41,0.0,-1.41
4383520000000.0,1.42,0.0,-1.42
4859530000000000.0,1.44,0.0,-1.44
676246000000.0,1.45,0.0,-1.45
3508100000000000.0,1.45,0.0,-1.45
3575540000000000.0,1.45,0.0,-1.45
6011380000000000.0,1.46,0.0,-1.46
4629450000000000.0,1.46,0.0,-1.46
377896000000000.0,1.46,0.0,-1.46
2720890000000000.0,1.47,0.0,-1.47
4.89707e+18,1.5,0.0,-1.5
675910000000.0,1.5,0.0,-1.5
3517810000000000.0,1.5,0.0,-1.5
3565200000000000.0,1.51,0.0,-1.51
3599240000000000.0,1.53,0.0,-1.53
4933460000000000.0,1.54,0.0,-1.54
4254070000000000.0,1.55,0.0,-1.55
3562680000000000.0,1.55,0.0,-1.55
5130480000000000.0,1.56,0.0,-1.56
2719500000000000.0,1.57,0.0,-1.57
2450830000000000.0,1.58,0.0,-1.58
3567530000000000.0,1.61,0.0,-1.61
6501310000000000.0,1.63,0.0,-1.63
180014000000000.0,1.64,0.0,-1.64
6524380000000000.0,1.65,0.0,-1.65
4922710000000000.0,1.67,0.0,-1.67
6592070000000000.0,1.68,0.0,-1.68
374238000000000.0,1.7,0.0,-1.7
4601640000000.0,1.71,0.0,-1.71
676118000000.0,1.71,0.0,-1.71
213156000000000.0,1.72,0.0,-1.72
4279160000000.0,1.74,0.0,-1.74
4365380000000000.0,1.79,0.0,-1.79
4488940000000000.0,1.79,0.0,-1.79
4260130000000.0,1.8,0.0,-1.8
676149000000.0,1.82,0.0,-1.82
4266200000000000.0,1.83,0.0,-1.83
6523180000000000.0,1.84,0.0,-1.84
6011550000000000.0,1.86,0.0,-1.86
3576510000000000.0,1.88,0.0,-1.88
2274910000000000.0,1.89,0.0,-1.89
4600160000000.0,1.9,0.0,-1.9
4.04444e+18,1.92,0.0,-1.92
36360500000000.0,1.93,0.0,-1.93
4.79894e+18,1.96,0.0,-1.96
3519230000000000.0,1.98,0.0,-1.98
3550550000000000.0,1.99,0.0,-1.99
2248350000000000.0,2.05,0.0,-2.05
2235340000000000.0,2.07,0.0,-2.07
4396680000000.0,2.07,0.0,-2.07
213187000000000.0,2.07,0.0,-2.07
3598900000000000.0,2.08,0.0,-2.08
4.75604e+18,2.1,0.0,-2.1
377265000000000.0,2.11,0.0,-2.11
501828000000.0,2.11,0.0,-2.11
3560250000000000.0,2.12,0.0,-2.12
6502200000000000.0,2.15,0.0,-2.15
630413000000.0,2.16,0.0,-2.16
4348790000000000.0,2.19,0.0,-2.19
676327000000.0,2.19,0.0,-2.19
4.37337e+18,2.2,0.0,-2.2
4134460000000000.0,2.24,0.0,-2.24
2260800000000000.0,2.31,0.0,-2.31
4116550000000000.0,2.32,0.0,-2.32
346208000000000.0,2.34,0.0,-2.34
30373800000000.0,2.37,0.0,-2.37
4.2097e+18,2.39,0.0,-2.39
30596500000000.0,2.4,0.0,-2.4
3536920000000000.0,2.41,0.0,-2.41
3511060000000000.0,2.43,0.0,-2.43
6011200000000000.0,2.45,0.0,-2.45
3597980000000000.0,2.45,0.0,-2.45
4308160000000000.0,2.46,0.0,-2.46
4824020000000000.0,2.49,0.0,-2.49
4492490000000000.0,2.56,0.0,-2.56
4764200000000000.0,2.63,0.0,-2.63
630471000000.0,2.63,0.0,-2.63
60423098130.0,2.64,0.0,-2.64
3598630000000000.0,2.66,0.0,-2.66
371683000000000.0,2.68,0.0,-2.68
4158010000000.0,2.7,0.0,-2.7
6011710000000000.0,2.7,0.0,-2.7
3577660000000000.0,2.72,0.0,-2.72
4.11027e+18,2.74,0.0,-2.74
373213000000000.0,2.78,0.0,-2.78
3520550000000000.0,2.78,0.0,-2.78
676234000000.0,2.79,0.0,-2.79
3583090000000000.0,2.79,0.0,-2.79
180059000000000.0,2.82,0.0,-2.82
3593400000000000.0,2.86,0.0,-2.86
4.66631e+18,2.86,0.0,-2.86
3536820000000000.0,2.89,0.0,-2.89
6526960000000000.0,2.89,0.0,-2.89
5127410000000000.0,2.89,0.0,-2.89
4760120000000.0,2.91,0.0,-2.91
4124540000000000.0,2.91,0.0,-2.91
6526780000000000.0,2.91,0.0,-2.91
4.42608e+18,2.93,0.0,-2.93
213137000000000.0,2.96,0.0,-2.96
3541550000000000.0,2.99,0.0,-2.99
3542160000000000.0,3.02,0.0,-3.02
676292000000.0,3.02,0.0,-3.02
6011950000000000.0,3.08,0.0,-3.08
180095000000000.0,3.12,0.0,-3.12
3541690000000000.0,3.12,0.0,-3.12
4687260000000.0,3.15,0.0,-3.15
2288750000000000.0,3.15,0.0,-3.15
676308000000.0,3.16,0.0,-3.16
342036000000000.0,3.18,0.0,-3.18
4260060000000000.0,3.2,0.0,-3.2
4189810000000.0,3.2,0.0,-3.2
3540860000000000.0,3.23,0.0,-3.23
36192600000000.0,3.25,0.0,-3.25
4879270000000000.0,3.28,0.0,-3.28
4.85585e+18,3.3,0.0,-3.3
4806440000000.0,3.31,0.0,-3.31
6569100000000000.0,3.32,0.0,-3.32
3554820000000000.0,3.37,0.0,-3.37
3565940000000000.0,3.44,0.0,-3.44
347613000000000.0,3.46,0.0,-3.46
6011580000000000.0,3.51,0.0,-3.51
3537800000000000.0,3.58,0.0,-3.58
60427851591.0,3.59,0.0,-3.59
3557440000000000.0,3.59,0.0,-3.59
3562260000000000.0,3.62,0.0,-3.62
4555100000000000.0,3.66,0.0,-3.66
2610530000000000.0,3.66,0.0,-3.66
571314000000.0,3.7,0.0,-3.7
3544610000000000.0,3.72,0.0,-3.72
4789910000000000.0,3.76,0.0,-3.76
4917230000000.0,3.78,0.0,-3.78
4633070000000000.0,3.8,0.0,-3.8
5154900000000000.0,3.81,0.0,-3.81
342360000000000.0,3.96,0.0,-3.96
2227670000000000.0,4.08,0.0,-4.08
3534090000000000.0,4.12,0.0,-4.12
501851000000.0,100.0,,
501895000000.0,100.0,,
503851000000.0,,100.0,
577891000000.0,100.0,,
586101000000.0,,100.0,
676180000000.0,100.0,,
4076170000000.0,100.0,,
4295300000000.0,,100.0,
4457490000000.0,100.0,,
4593570000000.0,100.0,,
4598030000000.0,100.0,,
4629130000000.0,100.0,,
4844240000000.0,100.0,,
4883410000000.0,,100.0,
4975460000000.0,100.0,,
30499700000000.0,100.0,,
38534200000000.0,100.0,,
38817500000000.0,100.0,,
180021000000000.0,,100.0,
180038000000000.0,100.0,,
180053000000000.0,,100.0,
180099000000000.0,,100.0,
340187000000000.0,100.0,,
345226000000000.0,100.0,,
347399000000000.0,,100.0,
349813000000000.0,100.0,,
372965000000000.0,,100.0,
375623000000000.0,,100.0,
378263000000000.0,100.0,,
2242180000000000.0,,100.0,
2287280000000000.0,100.0,,
2295960000000000.0,100.0,,
3521260000000000.0,100.0,,
3524490000000000.0,100.0,,
3528040000000000.0,,100.0,
3529790000000000.0,,100.0,
3540420000000000.0,,100.0,
3542830000000000.0,,100.0,
3543890000000000.0,100.0,,
3545580000000000.0,100.0,,
3546440000000000.0,100.0,,
3547340000000000.0,100.0,,
3548710000000000.0,100.0,,
3550410000000000.0,,100.0,
3554420000000000.0,100.0,,
3588000000000000.0,,100.0,
4087540000000000.0,,100.0,
4157210000000000.0,100.0,,
4168700000000000.0,100.0,,
4204240000000000.0,100.0,,
4417680000000000.0,,100.0,
4492680000000000.0,100.0,,
4669560000000000.0,100.0,,
4734310000000000.0,100.0,,
5144040000000000.0,100.0,,
5301650000000000.0,100.0,,
6011730000000000.0,100.0,,
6011830000000000.0,100.0,,
6011940000000000.0,100.0,,
6500250000000000.0,,100.0,
6517780000000000.0,100.0,,
6577780000000000.0,100.0,,
4.16287e+18,100.0,,
4.18019e+18,100.0,,
4.24352e+18,100.0,,
4.25711e+18,100.0,,
4.35231e+18,,100.0,
4.48117e+18,100.0,,
4.65963e+18,100.0,,
4.71402e+18,100.0,,
4.91182e+18,100.0,,
